[{"@type":"mappingTemplate","id":"@1","name":"m_XX_ShippingFiles","description":"","bundleVersion":"0","templateId":"@3","deployTime":1711227165000,"hasParameters":false,"valid":true,"fixedConnection":true,"hasParametersDeployed":false,"fixedConnectionDeployed":true,"isSchemaValidationEnabled":false,"tasks":0,"mappingPreviewFileRecordId":"@2","documentType":"MAPPING","references":[{"@type":"reference","refObjectId":"@6ZP11l3B9yzlE0ljDnVYsY","refType":"connection"},{"@type":"reference","refObjectId":"@3eKvdt7828ejAeDimc1duv","refType":"connection"},{"@type":"reference","refObjectId":"@7ZpT4rwTjMQkCAE3iUbd4d","refType":"connection"}]}]