[{"@type":"mappingTemplate","id":"@1","name":"M_X2R_Ship_Order_Multiple","description":"","bundleVersion":"0","templateId":"@3","deployTime":1710632527000,"hasParameters":false,"valid":true,"fixedConnection":true,"hasParametersDeployed":false,"fixedConnectionDeployed":true,"isSchemaValidationEnabled":false,"tasks":0,"mappingPreviewFileRecordId":"@2","documentType":"MAPPING","references":[{"@type":"reference","refObjectId":"@6JPT09VALifbjbarkzPnyR","refType":"hschema"},{"@type":"reference","refObjectId":"@3eKvdt7828ejAeDimc1duv","refType":"connection"},{"@type":"reference","refObjectId":"@7ZpT4rwTjMQkCAE3iUbd4d","refType":"connection"}]}]