[{"@type":"mappingTemplate","id":"@1","name":"M_GEN_YEAR_LIST_XML","description":"","bundleVersion":"0","templateId":"@3","deployTime":1710791946000,"hasParameters":false,"valid":true,"fixedConnection":true,"hasParametersDeployed":false,"fixedConnectionDeployed":true,"isSchemaValidationEnabled":false,"tasks":2,"mappingPreviewFileRecordId":"@2","documentType":"MAPPING","references":[{"@type":"reference","refObjectId":"@3eKvdt7828ejAeDimc1duv","refType":"connection"},{"@type":"reference","refObjectId":"@5LzGtsJo4dAe7R1HA176kZ","refType":"hschema"}]}]