[{"@type":"mappingTemplate","id":"@1","name":"M_ALTERNATE_RECORDS","description":"","bundleVersion":"0","templateId":"@3","deployTime":1711019715000,"hasParameters":false,"valid":true,"fixedConnection":true,"hasParametersDeployed":false,"fixedConnectionDeployed":true,"isSchemaValidationEnabled":false,"tasks":0,"mappingPreviewFileRecordId":"@2","documentType":"MAPPING","references":[{"@type":"reference","refObjectId":"@5QPuNGDR3xBfQPpCMWLDgP","refType":"connection"},{"@type":"reference","refObjectId":"@7ZpT4rwTjMQkCAE3iUbd4d","refType":"connection"}]}]