[{"@type":"mappingTemplate","id":"@1","name":"M_CDC_04","description":"","bundleVersion":"0","templateId":"@3","deployTime":1709314022000,"hasParameters":false,"valid":true,"fixedConnection":true,"hasParametersDeployed":false,"fixedConnectionDeployed":true,"isSchemaValidationEnabled":false,"tasks":0,"mappingPreviewFileRecordId":"@2","documentType":"MAPPING","references":[{"@type":"reference","refObjectId":"@82Ie9EFV8bykAdmblSGCMb","refType":"connection"},{"@type":"reference","refObjectId":"@hf0hdvvCVEii0qNjd9O9ig","refType":"connection"}]}]