[{"@type":"mappingTemplate","id":"@1","name":"M_X2R_Ship_Order","description":"","bundleVersion":"0","templateId":"@3","deployTime":1709516651000,"hasParameters":false,"valid":true,"fixedConnection":true,"hasParametersDeployed":false,"fixedConnectionDeployed":true,"isSchemaValidationEnabled":false,"tasks":0,"mappingPreviewFileRecordId":"@2","documentType":"MAPPING","references":[{"@type":"reference","refObjectId":"@aWSGpqs9mXtlsUC1bSgxqb","refType":"hschema"},{"@type":"reference","refObjectId":"@hf0hdvvCVEii0qNjd9O9ig","refType":"connection"},{"@type":"reference","refObjectId":"@82Ie9EFV8bykAdmblSGCMb","refType":"connection"}]}]