[{"@type":"dssTask","id":"@1","name":"ST_LOAD_EMP","description":"","maxLogs":10,"sourceConnectionId":"@3eKvdt7828ejAeDimc1duv","targetConnectionId":"@5QPuNGDR3xBfQPpCMWLDgP","targetObject":"EMP","targetObjectLabel":"EMP","operation":"Upsert","maxRows":0,"truncateTarget":false,"bulkApiDBTarget":false,"verbose":false,"srcFlatFileAttrs":{"@type":"flatFileAttrs","id":28855514,"delimiter":",","textQualifier":"\"","escapeChar":"","headerLineNo":1,"firstDataRow":2,"rowDelimiter":0,"consecutiveDelimiter":false},"targetMetadataUpdated":false,"modelVersion":"V3-R600","queryAll":false,"srcSettings":{"@type":"taskDataSourceSetting","isShowLabels":false,"isNaturalOrder":true},"tgtSettings":{"@type":"taskDataSourceSetting","isShowLabels":false,"isNaturalOrder":true},"cfSettings":{"@type":"taskDataSourceSetting","isShowLabels":false,"isNaturalOrder":false},"bulkApi":false,"bulkApiSerialMode":false,"bulkApiMonitor":false,"isTargetObjectSfCustom":false,"allowNullUpdates":false,"targetBatchSize":200,"assignmentRuleId":"-1","assignmentRuleType":"None","createSuccessFile":false,"bulkApiHardDelete":false,"srcRuntimeAttrs":{"@type":"taskRuntimeAttrs","attrs":{}},"tgtRuntimeAttrs":{"@type":"taskRuntimeAttrs","attrs":{}},"parameterFileEncoding":"UTF-8","serverlessProperties":{},"sourceObjects":[{"@type":"mObject","name":"Emp.csv","label":"Emp.csv","metadataUpdated":false,"relations":[],"children":[]}],"advancedFilters":[],"filters":[],"fieldMaps":[{"@type":"fieldMap","id":"12279048","targetField":{"@type":"field","id":60505573,"name":"EMPNO","type":"decimal","uniqueName":"EMPNO","label":"EMPNO","parentObject":"EMP","pcType":"HIPRECDECIMAL","precision":10,"scale":0,"columnIndex":0,"isKey":true,"isWaterMarkKey":false,"isExternalId":false,"isSfIdLookup":false,"isNullable":false,"isUnique":true,"isCreateable":false,"isUpdateable":true,"isFilterable":true,"isCalculated":false,"filterType":"DOUBLE","showLabel":false,"naturalOrder":0,"typeConfigFields":[],"linkedFields":["empno"],"relatedInfos":[],"references":[]},"expression":"empno"},{"@type":"fieldMap","id":"12279049","targetField":{"@type":"field","id":60505574,"name":"ENAME","type":"varchar","uniqueName":"ENAME","label":"ENAME","parentObject":"EMP","pcType":"STRING","precision":60,"scale":0,"columnIndex":1,"isKey":false,"isWaterMarkKey":false,"isExternalId":false,"isSfIdLookup":false,"isNullable":true,"isUnique":false,"isCreateable":false,"isUpdateable":true,"isFilterable":true,"isCalculated":false,"filterType":"STRING","showLabel":false,"naturalOrder":1,"typeConfigFields":[],"linkedFields":["ename"],"relatedInfos":[],"references":[]},"expression":"ename"},{"@type":"fieldMap","id":"12279050","targetField":{"@type":"field","id":60505575,"name":"JOB","type":"varchar","uniqueName":"JOB","label":"JOB","parentObject":"EMP","pcType":"STRING","precision":60,"scale":0,"columnIndex":2,"isKey":false,"isWaterMarkKey":false,"isExternalId":false,"isSfIdLookup":false,"isNullable":true,"isUnique":false,"isCreateable":false,"isUpdateable":true,"isFilterable":true,"isCalculated":false,"filterType":"STRING","showLabel":false,"naturalOrder":2,"typeConfigFields":[],"linkedFields":["job"],"relatedInfos":[],"references":[]},"expression":"job"},{"@type":"fieldMap","id":"12279051","targetField":{"@type":"field","id":60505576,"name":"MGR","type":"varchar","uniqueName":"MGR","label":"MGR","parentObject":"EMP","pcType":"STRING","precision":60,"scale":0,"columnIndex":3,"isKey":false,"isWaterMarkKey":false,"isExternalId":false,"isSfIdLookup":false,"isNullable":true,"isUnique":false,"isCreateable":false,"isUpdateable":true,"isFilterable":true,"isCalculated":false,"filterType":"STRING","showLabel":false,"naturalOrder":3,"typeConfigFields":[],"linkedFields":["mgr"],"relatedInfos":[],"references":[]},"expression":"mgr"},{"@type":"fieldMap","id":"12279052","targetField":{"@type":"field","id":60505577,"name":"HIREDATE","type":"timestamp","uniqueName":"HIREDATE","label":"HIREDATE","parentObject":"EMP","pcType":"DATE","precision":23,"scale":3,"columnIndex":4,"isKey":false,"isWaterMarkKey":false,"isExternalId":false,"isSfIdLookup":false,"isNullable":true,"isUnique":false,"isCreateable":false,"isUpdateable":true,"isFilterable":true,"isCalculated":false,"filterType":"DATETIME","showLabel":false,"naturalOrder":4,"typeConfigFields":[],"linkedFields":["hiredate"],"relatedInfos":[],"references":[]},"expression":"To_Date(hiredate, 'YYYY-MM-DD') "},{"@type":"fieldMap","id":"12279053","targetField":{"@type":"field","id":60505578,"name":"SAL","type":"decimal","uniqueName":"SAL","label":"SAL","parentObject":"EMP","pcType":"HIPRECDECIMAL","precision":10,"scale":0,"columnIndex":5,"isKey":false,"isWaterMarkKey":false,"isExternalId":false,"isSfIdLookup":false,"isNullable":true,"isUnique":false,"isCreateable":false,"isUpdateable":true,"isFilterable":true,"isCalculated":false,"filterType":"DOUBLE","showLabel":false,"naturalOrder":5,"typeConfigFields":[],"linkedFields":["sal"],"relatedInfos":[],"references":[]},"expression":"sal"},{"@type":"fieldMap","id":"12279054","targetField":{"@type":"field","id":60505579,"name":"COMM","type":"decimal","uniqueName":"COMM","label":"COMM","parentObject":"EMP","pcType":"HIPRECDECIMAL","precision":10,"scale":0,"columnIndex":6,"isKey":false,"isWaterMarkKey":false,"isExternalId":false,"isSfIdLookup":false,"isNullable":true,"isUnique":false,"isCreateable":false,"isUpdateable":true,"isFilterable":true,"isCalculated":false,"filterType":"DOUBLE","showLabel":false,"naturalOrder":6,"typeConfigFields":[],"linkedFields":["comm"],"relatedInfos":[],"references":[]},"expression":"comm"},{"@type":"fieldMap","id":"12279055","targetField":{"@type":"field","id":60505580,"name":"DEPTNO","type":"decimal","uniqueName":"DEPTNO","label":"DEPTNO","parentObject":"EMP","pcType":"HIPRECDECIMAL","precision":10,"scale":0,"columnIndex":7,"isKey":false,"isWaterMarkKey":false,"isExternalId":false,"isSfIdLookup":false,"isNullable":true,"isUnique":false,"isCreateable":false,"isUpdateable":true,"isFilterable":true,"isCalculated":false,"filterType":"DOUBLE","showLabel":false,"naturalOrder":7,"typeConfigFields":[],"linkedFields":["deptno"],"relatedInfos":[],"references":[]},"expression":"deptno"}],"sourceFields":[{"@type":"field","id":60505581,"name":"empno","type":"number","uniqueName":"empno","label":"empno","parentObject":"Emp.csv","pcType":"HIPRECDECIMAL","precision":10,"scale":0,"columnIndex":0,"isKey":false,"isWaterMarkKey":false,"isExternalId":false,"isSfIdLookup":false,"isNullable":true,"isUnique":false,"isCreateable":false,"isUpdateable":true,"isFilterable":true,"isCalculated":false,"filterType":"DOUBLE","showLabel":false,"naturalOrder":0,"typeConfigFields":[],"linkedFields":["EMPNO"],"relatedInfos":[],"references":[]},{"@type":"field","id":60505582,"name":"ename","type":"nstring","uniqueName":"ename","label":"ename","parentObject":"Emp.csv","pcType":"UNISTRING","precision":60,"scale":0,"columnIndex":1,"isKey":false,"isWaterMarkKey":false,"isExternalId":false,"isSfIdLookup":false,"isNullable":true,"isUnique":false,"isCreateable":false,"isUpdateable":true,"isFilterable":true,"isCalculated":false,"filterType":"STRING","showLabel":false,"naturalOrder":0,"typeConfigFields":[],"linkedFields":["ENAME"],"relatedInfos":[],"references":[]},{"@type":"field","id":60505583,"name":"job","type":"nstring","uniqueName":"job","label":"job","parentObject":"Emp.csv","pcType":"UNISTRING","precision":60,"scale":0,"columnIndex":2,"isKey":false,"isWaterMarkKey":false,"isExternalId":false,"isSfIdLookup":false,"isNullable":true,"isUnique":false,"isCreateable":false,"isUpdateable":true,"isFilterable":true,"isCalculated":false,"filterType":"STRING","showLabel":false,"naturalOrder":0,"typeConfigFields":[],"linkedFields":["JOB"],"relatedInfos":[],"references":[]},{"@type":"field","id":60505584,"name":"mgr","type":"nstring","uniqueName":"mgr","label":"mgr","parentObject":"Emp.csv","pcType":"UNISTRING","precision":60,"scale":0,"columnIndex":3,"isKey":false,"isWaterMarkKey":false,"isExternalId":false,"isSfIdLookup":false,"isNullable":true,"isUnique":false,"isCreateable":false,"isUpdateable":true,"isFilterable":true,"isCalculated":false,"filterType":"STRING","showLabel":false,"naturalOrder":0,"typeConfigFields":[],"linkedFields":["MGR"],"relatedInfos":[],"references":[]},{"@type":"field","id":60505585,"name":"hiredate","type":"nstring","uniqueName":"hiredate","label":"hiredate","parentObject":"Emp.csv","pcType":"UNISTRING","precision":255,"scale":0,"columnIndex":4,"isKey":false,"isWaterMarkKey":false,"isExternalId":false,"isSfIdLookup":false,"isNullable":true,"isUnique":false,"isCreateable":false,"isUpdateable":true,"isFilterable":true,"isCalculated":false,"filterType":"STRING","showLabel":false,"naturalOrder":0,"typeConfigFields":[],"linkedFields":["HIREDATE"],"relatedInfos":[],"references":[]},{"@type":"field","id":60505586,"name":"sal","type":"number","uniqueName":"sal","label":"sal","parentObject":"Emp.csv","pcType":"HIPRECDECIMAL","precision":10,"scale":0,"columnIndex":5,"isKey":false,"isWaterMarkKey":false,"isExternalId":false,"isSfIdLookup":false,"isNullable":true,"isUnique":false,"isCreateable":false,"isUpdateable":true,"isFilterable":true,"isCalculated":false,"filterType":"DOUBLE","showLabel":false,"naturalOrder":0,"typeConfigFields":[],"linkedFields":["SAL"],"relatedInfos":[],"references":[]},{"@type":"field","id":60505587,"name":"comm","type":"number","uniqueName":"comm","label":"comm","parentObject":"Emp.csv","pcType":"HIPRECDECIMAL","precision":10,"scale":0,"columnIndex":6,"isKey":false,"isWaterMarkKey":false,"isExternalId":false,"isSfIdLookup":false,"isNullable":true,"isUnique":false,"isCreateable":false,"isUpdateable":true,"isFilterable":true,"isCalculated":false,"filterType":"DOUBLE","showLabel":false,"naturalOrder":0,"typeConfigFields":[],"linkedFields":["COMM"],"relatedInfos":[],"references":[]},{"@type":"field","id":60505588,"name":"deptno","type":"number","uniqueName":"deptno","label":"deptno","parentObject":"Emp.csv","pcType":"HIPRECDECIMAL","precision":10,"scale":0,"columnIndex":7,"isKey":false,"isWaterMarkKey":false,"isExternalId":false,"isSfIdLookup":false,"isNullable":true,"isUnique":false,"isCreateable":false,"isUpdateable":true,"isFilterable":true,"isCalculated":false,"filterType":"DOUBLE","showLabel":false,"naturalOrder":0,"typeConfigFields":[],"linkedFields":["DEPTNO"],"relatedInfos":[],"references":[]}],"sortFields":[],"groupFields":[]}]