[{"@type":"mappingTemplate","id":"@1","name":"M_LOAD_EMP","description":"","bundleVersion":"0","templateId":"@3","deployTime":1710881966000,"hasParameters":false,"valid":true,"fixedConnection":true,"hasParametersDeployed":false,"fixedConnectionDeployed":true,"isSchemaValidationEnabled":false,"tasks":0,"mappingPreviewFileRecordId":"@2","documentType":"MAPPING","references":[{"@type":"reference","refObjectId":"@5QPuNGDR3xBfQPpCMWLDgP","refType":"connection"},{"@type":"reference","refObjectId":"@3eKvdt7828ejAeDimc1duv","refType":"connection"}]}]