[{"@type":"dssTask","id":"@1","name":"ST_LOAD_EMP_DUPS","description":"","maxLogs":10,"sourceConnectionId":"@3eKvdt7828ejAeDimc1duv","targetConnectionId":"@5QPuNGDR3xBfQPpCMWLDgP","targetObject":"EMP_DUPS","targetObjectLabel":"EMP_DUPS","operation":"Insert","maxRows":0,"truncateTarget":true,"bulkApiDBTarget":true,"verbose":false,"srcFlatFileAttrs":{"@type":"flatFileAttrs","id":28881885,"delimiter":",","textQualifier":"\"","escapeChar":"","headerLineNo":1,"firstDataRow":2,"rowDelimiter":0,"consecutiveDelimiter":false},"targetMetadataUpdated":false,"modelVersion":"V3-R600","queryAll":false,"srcSettings":{"@type":"taskDataSourceSetting","isShowLabels":false,"isNaturalOrder":true},"tgtSettings":{"@type":"taskDataSourceSetting","isShowLabels":false,"isNaturalOrder":true},"cfSettings":{"@type":"taskDataSourceSetting","isShowLabels":false,"isNaturalOrder":false},"bulkApi":false,"bulkApiSerialMode":false,"bulkApiMonitor":false,"isTargetObjectSfCustom":false,"allowNullUpdates":false,"targetBatchSize":200,"assignmentRuleId":"-1","assignmentRuleType":"None","createSuccessFile":false,"bulkApiHardDelete":false,"srcRuntimeAttrs":{"@type":"taskRuntimeAttrs","attrs":{}},"tgtRuntimeAttrs":{"@type":"taskRuntimeAttrs","attrs":{}},"parameterFileEncoding":"UTF-8","serverlessProperties":{},"sourceObjects":[{"@type":"mObject","name":"EmpDups.csv","label":"EmpDups.csv","metadataUpdated":true,"relations":[],"children":[]}],"advancedFilters":[],"filters":[],"fieldMaps":[{"@type":"fieldMap","id":"12280964","targetField":{"@type":"field","id":60585520,"name":"EMPNO","type":"decimal","uniqueName":"EMPNO","label":"EMPNO","parentObject":"EMP_DUPS","pcType":"HIPRECDECIMAL","precision":10,"scale":0,"columnIndex":0,"isKey":false,"isWaterMarkKey":false,"isExternalId":false,"isSfIdLookup":false,"isNullable":true,"isUnique":false,"isCreateable":false,"isUpdateable":true,"isFilterable":true,"isCalculated":false,"filterType":"DOUBLE","showLabel":false,"naturalOrder":0,"typeConfigFields":[],"linkedFields":["empno"],"relatedInfos":[],"references":[]},"expression":"empno"},{"@type":"fieldMap","id":"12280965","targetField":{"@type":"field","id":60585521,"name":"ENAME","type":"varchar","uniqueName":"ENAME","label":"ENAME","parentObject":"EMP_DUPS","pcType":"STRING","precision":60,"scale":0,"columnIndex":1,"isKey":false,"isWaterMarkKey":false,"isExternalId":false,"isSfIdLookup":false,"isNullable":true,"isUnique":false,"isCreateable":false,"isUpdateable":true,"isFilterable":true,"isCalculated":false,"filterType":"STRING","showLabel":false,"naturalOrder":1,"typeConfigFields":[],"linkedFields":["ename"],"relatedInfos":[],"references":[]},"expression":"ename"},{"@type":"fieldMap","id":"12280966","targetField":{"@type":"field","id":60585522,"name":"JOB","type":"varchar","uniqueName":"JOB","label":"JOB","parentObject":"EMP_DUPS","pcType":"STRING","precision":60,"scale":0,"columnIndex":2,"isKey":false,"isWaterMarkKey":false,"isExternalId":false,"isSfIdLookup":false,"isNullable":true,"isUnique":false,"isCreateable":false,"isUpdateable":true,"isFilterable":true,"isCalculated":false,"filterType":"STRING","showLabel":false,"naturalOrder":2,"typeConfigFields":[],"linkedFields":["job"],"relatedInfos":[],"references":[]},"expression":"job"},{"@type":"fieldMap","id":"12280967","targetField":{"@type":"field","id":60585523,"name":"MGR","type":"varchar","uniqueName":"MGR","label":"MGR","parentObject":"EMP_DUPS","pcType":"STRING","precision":60,"scale":0,"columnIndex":3,"isKey":false,"isWaterMarkKey":false,"isExternalId":false,"isSfIdLookup":false,"isNullable":true,"isUnique":false,"isCreateable":false,"isUpdateable":true,"isFilterable":true,"isCalculated":false,"filterType":"STRING","showLabel":false,"naturalOrder":3,"typeConfigFields":[],"linkedFields":["mgr"],"relatedInfos":[],"references":[]},"expression":"mgr"},{"@type":"fieldMap","id":"12280968","targetField":{"@type":"field","id":60585524,"name":"HIREDATE","type":"timestamp","uniqueName":"HIREDATE","label":"HIREDATE","parentObject":"EMP_DUPS","pcType":"DATE","precision":23,"scale":3,"columnIndex":4,"isKey":false,"isWaterMarkKey":false,"isExternalId":false,"isSfIdLookup":false,"isNullable":true,"isUnique":false,"isCreateable":false,"isUpdateable":true,"isFilterable":true,"isCalculated":false,"filterType":"DATETIME","showLabel":false,"naturalOrder":4,"typeConfigFields":[],"linkedFields":["hiredate"],"relatedInfos":[],"references":[]},"expression":" To_Date(hiredate, 'yyyy-mm-dd')"},{"@type":"fieldMap","id":"12280969","targetField":{"@type":"field","id":60585525,"name":"SAL","type":"decimal","uniqueName":"SAL","label":"SAL","parentObject":"EMP_DUPS","pcType":"HIPRECDECIMAL","precision":10,"scale":0,"columnIndex":5,"isKey":false,"isWaterMarkKey":false,"isExternalId":false,"isSfIdLookup":false,"isNullable":true,"isUnique":false,"isCreateable":false,"isUpdateable":true,"isFilterable":true,"isCalculated":false,"filterType":"DOUBLE","showLabel":false,"naturalOrder":5,"typeConfigFields":[],"linkedFields":["sal"],"relatedInfos":[],"references":[]},"expression":"sal"},{"@type":"fieldMap","id":"12280970","targetField":{"@type":"field","id":60585526,"name":"COMM","type":"decimal","uniqueName":"COMM","label":"COMM","parentObject":"EMP_DUPS","pcType":"HIPRECDECIMAL","precision":10,"scale":0,"columnIndex":6,"isKey":false,"isWaterMarkKey":false,"isExternalId":false,"isSfIdLookup":false,"isNullable":true,"isUnique":false,"isCreateable":false,"isUpdateable":true,"isFilterable":true,"isCalculated":false,"filterType":"DOUBLE","showLabel":false,"naturalOrder":6,"typeConfigFields":[],"linkedFields":["comm"],"relatedInfos":[],"references":[]},"expression":"comm"},{"@type":"fieldMap","id":"12280971","targetField":{"@type":"field","id":60585527,"name":"DEPTNO","type":"decimal","uniqueName":"DEPTNO","label":"DEPTNO","parentObject":"EMP_DUPS","pcType":"HIPRECDECIMAL","precision":10,"scale":0,"columnIndex":7,"isKey":false,"isWaterMarkKey":false,"isExternalId":false,"isSfIdLookup":false,"isNullable":true,"isUnique":false,"isCreateable":false,"isUpdateable":true,"isFilterable":true,"isCalculated":false,"filterType":"DOUBLE","showLabel":false,"naturalOrder":7,"typeConfigFields":[],"linkedFields":["deptno"],"relatedInfos":[],"references":[]},"expression":"deptno"}],"sourceFields":[{"@type":"field","id":60585512,"name":"empno","type":"number","uniqueName":"empno","label":"empno","parentObject":"EmpDups.csv","pcType":"HIPRECDECIMAL","precision":10,"scale":0,"columnIndex":0,"isKey":false,"isWaterMarkKey":false,"isExternalId":false,"isSfIdLookup":false,"isNullable":true,"isUnique":false,"isCreateable":false,"isUpdateable":true,"isFilterable":true,"isCalculated":false,"filterType":"DOUBLE","showLabel":false,"naturalOrder":0,"typeConfigFields":[],"linkedFields":["EMPNO"],"relatedInfos":[],"references":[]},{"@type":"field","id":60585513,"name":"ename","type":"nstring","uniqueName":"ename","label":"ename","parentObject":"EmpDups.csv","pcType":"UNISTRING","precision":60,"scale":0,"columnIndex":1,"isKey":false,"isWaterMarkKey":false,"isExternalId":false,"isSfIdLookup":false,"isNullable":true,"isUnique":false,"isCreateable":false,"isUpdateable":true,"isFilterable":true,"isCalculated":false,"filterType":"STRING","showLabel":false,"naturalOrder":0,"typeConfigFields":[],"linkedFields":["ENAME"],"relatedInfos":[],"references":[]},{"@type":"field","id":60585514,"name":"job","type":"nstring","uniqueName":"job","label":"job","parentObject":"EmpDups.csv","pcType":"UNISTRING","precision":60,"scale":0,"columnIndex":2,"isKey":false,"isWaterMarkKey":false,"isExternalId":false,"isSfIdLookup":false,"isNullable":true,"isUnique":false,"isCreateable":false,"isUpdateable":true,"isFilterable":true,"isCalculated":false,"filterType":"STRING","showLabel":false,"naturalOrder":0,"typeConfigFields":[],"linkedFields":["JOB"],"relatedInfos":[],"references":[]},{"@type":"field","id":60585515,"name":"mgr","type":"nstring","uniqueName":"mgr","label":"mgr","parentObject":"EmpDups.csv","pcType":"UNISTRING","precision":60,"scale":0,"columnIndex":3,"isKey":false,"isWaterMarkKey":false,"isExternalId":false,"isSfIdLookup":false,"isNullable":true,"isUnique":false,"isCreateable":false,"isUpdateable":true,"isFilterable":true,"isCalculated":false,"filterType":"STRING","showLabel":false,"naturalOrder":0,"typeConfigFields":[],"linkedFields":["MGR"],"relatedInfos":[],"references":[]},{"@type":"field","id":60585516,"name":"hiredate","type":"string","uniqueName":"hiredate","label":"hiredate","parentObject":"EmpDups.csv","pcType":"STRING","precision":19,"scale":0,"columnIndex":4,"isKey":false,"isWaterMarkKey":false,"isExternalId":false,"isSfIdLookup":false,"isNullable":true,"isUnique":false,"isCreateable":false,"isUpdateable":true,"isFilterable":true,"isCalculated":false,"filterType":"STRING","showLabel":false,"naturalOrder":0,"typeConfigFields":[],"linkedFields":["HIREDATE"],"relatedInfos":[],"references":[]},{"@type":"field","id":60585517,"name":"sal","type":"number","uniqueName":"sal","label":"sal","parentObject":"EmpDups.csv","pcType":"HIPRECDECIMAL","precision":10,"scale":0,"columnIndex":5,"isKey":false,"isWaterMarkKey":false,"isExternalId":false,"isSfIdLookup":false,"isNullable":true,"isUnique":false,"isCreateable":false,"isUpdateable":true,"isFilterable":true,"isCalculated":false,"filterType":"DOUBLE","showLabel":false,"naturalOrder":0,"typeConfigFields":[],"linkedFields":["SAL"],"relatedInfos":[],"references":[]},{"@type":"field","id":60585518,"name":"comm","type":"number","uniqueName":"comm","label":"comm","parentObject":"EmpDups.csv","pcType":"HIPRECDECIMAL","precision":10,"scale":0,"columnIndex":6,"isKey":false,"isWaterMarkKey":false,"isExternalId":false,"isSfIdLookup":false,"isNullable":true,"isUnique":false,"isCreateable":false,"isUpdateable":true,"isFilterable":true,"isCalculated":false,"filterType":"DOUBLE","showLabel":false,"naturalOrder":0,"typeConfigFields":[],"linkedFields":["COMM"],"relatedInfos":[],"references":[]},{"@type":"field","id":60585519,"name":"deptno","type":"number","uniqueName":"deptno","label":"deptno","parentObject":"EmpDups.csv","pcType":"HIPRECDECIMAL","precision":10,"scale":0,"columnIndex":7,"isKey":false,"isWaterMarkKey":false,"isExternalId":false,"isSfIdLookup":false,"isNullable":true,"isUnique":false,"isCreateable":false,"isUpdateable":true,"isFilterable":true,"isCalculated":false,"filterType":"DOUBLE","showLabel":false,"naturalOrder":0,"typeConfigFields":[],"linkedFields":["DEPTNO"],"relatedInfos":[],"references":[]}],"sortFields":[],"groupFields":[]}]