[{"@type":"dssTask","id":"@1","name":"ST_LOAD_SALGRADE","description":"","maxLogs":10,"sourceConnectionId":"@3eKvdt7828ejAeDimc1duv","targetConnectionId":"@5QPuNGDR3xBfQPpCMWLDgP","targetObject":"SALGRADE","targetObjectLabel":"SALGRADE","operation":"Upsert","maxRows":0,"truncateTarget":false,"bulkApiDBTarget":false,"verbose":false,"srcFlatFileAttrs":{"@type":"flatFileAttrs","id":28855501,"delimiter":",","textQualifier":"\"","escapeChar":"","headerLineNo":1,"firstDataRow":2,"rowDelimiter":0,"consecutiveDelimiter":false},"targetMetadataUpdated":false,"modelVersion":"V3-R600","queryAll":false,"srcSettings":{"@type":"taskDataSourceSetting","isShowLabels":false,"isNaturalOrder":true},"tgtSettings":{"@type":"taskDataSourceSetting","isShowLabels":false,"isNaturalOrder":true},"cfSettings":{"@type":"taskDataSourceSetting","isShowLabels":false,"isNaturalOrder":false},"bulkApi":false,"bulkApiSerialMode":false,"bulkApiMonitor":false,"isTargetObjectSfCustom":false,"allowNullUpdates":false,"targetBatchSize":200,"assignmentRuleId":"-1","assignmentRuleType":"None","createSuccessFile":false,"bulkApiHardDelete":false,"srcRuntimeAttrs":{"@type":"taskRuntimeAttrs","attrs":{}},"tgtRuntimeAttrs":{"@type":"taskRuntimeAttrs","attrs":{}},"parameterFileEncoding":"UTF-8","serverlessProperties":{},"sourceObjects":[{"@type":"mObject","name":"Salgrade.csv","label":"Salgrade.csv","metadataUpdated":false,"relations":[],"children":[]}],"advancedFilters":[],"filters":[],"fieldMaps":[{"@type":"fieldMap","id":"12279045","targetField":{"@type":"field","id":60505570,"name":"GRADE","type":"decimal","uniqueName":"GRADE","label":"GRADE","parentObject":"SALGRADE","pcType":"HIPRECDECIMAL","precision":10,"scale":0,"columnIndex":0,"isKey":true,"isWaterMarkKey":false,"isExternalId":false,"isSfIdLookup":false,"isNullable":false,"isUnique":true,"isCreateable":false,"isUpdateable":true,"isFilterable":true,"isCalculated":false,"filterType":"DOUBLE","showLabel":false,"naturalOrder":0,"typeConfigFields":[],"linkedFields":["grade"],"relatedInfos":[],"references":[]},"expression":"grade"},{"@type":"fieldMap","id":"12279046","targetField":{"@type":"field","id":60505571,"name":"LOSAL","type":"decimal","uniqueName":"LOSAL","label":"LOSAL","parentObject":"SALGRADE","pcType":"HIPRECDECIMAL","precision":10,"scale":0,"columnIndex":1,"isKey":false,"isWaterMarkKey":false,"isExternalId":false,"isSfIdLookup":false,"isNullable":true,"isUnique":false,"isCreateable":false,"isUpdateable":true,"isFilterable":true,"isCalculated":false,"filterType":"DOUBLE","showLabel":false,"naturalOrder":1,"typeConfigFields":[],"linkedFields":["losal"],"relatedInfos":[],"references":[]},"expression":"losal"},{"@type":"fieldMap","id":"12279047","targetField":{"@type":"field","id":60505572,"name":"HISAL","type":"decimal","uniqueName":"HISAL","label":"HISAL","parentObject":"SALGRADE","pcType":"HIPRECDECIMAL","precision":10,"scale":0,"columnIndex":2,"isKey":false,"isWaterMarkKey":false,"isExternalId":false,"isSfIdLookup":false,"isNullable":true,"isUnique":false,"isCreateable":false,"isUpdateable":true,"isFilterable":true,"isCalculated":false,"filterType":"DOUBLE","showLabel":false,"naturalOrder":2,"typeConfigFields":[],"linkedFields":["hisal"],"relatedInfos":[],"references":[]},"expression":"hisal"}],"sourceFields":[{"@type":"field","id":60505567,"name":"grade","type":"number","uniqueName":"grade","label":"grade","parentObject":"Salgrade.csv","pcType":"HIPRECDECIMAL","precision":10,"scale":0,"columnIndex":0,"isKey":false,"isWaterMarkKey":false,"isExternalId":false,"isSfIdLookup":false,"isNullable":true,"isUnique":false,"isCreateable":false,"isUpdateable":true,"isFilterable":true,"isCalculated":false,"filterType":"DOUBLE","showLabel":false,"naturalOrder":0,"typeConfigFields":[],"linkedFields":["GRADE"],"relatedInfos":[],"references":[]},{"@type":"field","id":60505568,"name":"losal","type":"number","uniqueName":"losal","label":"losal","parentObject":"Salgrade.csv","pcType":"HIPRECDECIMAL","precision":10,"scale":0,"columnIndex":1,"isKey":false,"isWaterMarkKey":false,"isExternalId":false,"isSfIdLookup":false,"isNullable":true,"isUnique":false,"isCreateable":false,"isUpdateable":true,"isFilterable":true,"isCalculated":false,"filterType":"DOUBLE","showLabel":false,"naturalOrder":0,"typeConfigFields":[],"linkedFields":["LOSAL"],"relatedInfos":[],"references":[]},{"@type":"field","id":60505569,"name":"hisal","type":"number","uniqueName":"hisal","label":"hisal","parentObject":"Salgrade.csv","pcType":"HIPRECDECIMAL","precision":10,"scale":0,"columnIndex":2,"isKey":false,"isWaterMarkKey":false,"isExternalId":false,"isSfIdLookup":false,"isNullable":true,"isUnique":false,"isCreateable":false,"isUpdateable":true,"isFilterable":true,"isCalculated":false,"filterType":"DOUBLE","showLabel":false,"naturalOrder":0,"typeConfigFields":[],"linkedFields":["HISAL"],"relatedInfos":[],"references":[]}],"sortFields":[],"groupFields":[]}]