[{"@type":"dssTask","id":"@1","name":"syn_UPSERT_CUSTOMERS","description":"syn UPSERT CUSTOMERS","maxLogs":10,"sourceConnectionId":"@3eKvdt7828ejAeDimc1duv","targetConnectionId":"@6ZP11l3B9yzlE0ljDnVYsY","targetObject":"CUSTOMER_MASTER","targetObjectLabel":"CUSTOMER_MASTER","operation":"Upsert","maxRows":0,"truncateTarget":false,"bulkApiDBTarget":false,"verbose":false,"srcFlatFileAttrs":{"@type":"flatFileAttrs","id":28893596,"delimiter":",","textQualifier":"\"","escapeChar":"","headerLineNo":1,"firstDataRow":2,"rowDelimiter":0,"consecutiveDelimiter":false},"targetMetadataUpdated":false,"modelVersion":"V3-R600","queryAll":false,"srcSettings":{"@type":"taskDataSourceSetting","isShowLabels":false,"isNaturalOrder":true},"tgtSettings":{"@type":"taskDataSourceSetting","isShowLabels":false,"isNaturalOrder":true},"cfSettings":{"@type":"taskDataSourceSetting","isShowLabels":false,"isNaturalOrder":false},"bulkApi":false,"bulkApiSerialMode":false,"bulkApiMonitor":false,"isTargetObjectSfCustom":false,"allowNullUpdates":false,"targetBatchSize":200,"assignmentRuleId":"-1","assignmentRuleType":"None","createSuccessFile":false,"bulkApiHardDelete":false,"parameterFileEncoding":"UTF-8","serverlessProperties":{},"sourceObjects":[{"@type":"mObject","name":"INITIAL_CUSTOMERS.CSV","label":"INITIAL_CUSTOMERS.CSV","metadataUpdated":false,"relations":[],"children":[]}],"advancedFilters":[],"filters":[],"fieldMaps":[{"@type":"fieldMap","id":"12282937","targetField":{"@type":"field","id":60674219,"name":"CUST_ID","type":"smallint","uniqueName":"CUST_ID","label":"CUST_ID","parentObject":"CUSTOMER_MASTER","pcType":"INT","precision":5,"scale":0,"columnIndex":0,"isKey":true,"isWaterMarkKey":false,"isExternalId":false,"isSfIdLookup":false,"isNullable":false,"isUnique":true,"isCreateable":false,"isUpdateable":true,"isFilterable":true,"isCalculated":false,"filterType":"INT","showLabel":false,"naturalOrder":0,"typeConfigFields":[],"linkedFields":["CUST_ID"],"relatedInfos":[],"references":[]},"expression":"CUST_ID"},{"@type":"fieldMap","id":"12282938","targetField":{"@type":"field","id":60674220,"name":"FIRST_NAME","type":"nvarchar","uniqueName":"FIRST_NAME","label":"FIRST_NAME","parentObject":"CUSTOMER_MASTER","pcType":"UNISTRING","precision":50,"scale":0,"columnIndex":1,"isKey":false,"isWaterMarkKey":false,"isExternalId":false,"isSfIdLookup":false,"isNullable":false,"isUnique":false,"isCreateable":false,"isUpdateable":true,"isFilterable":true,"isCalculated":false,"filterType":"STRING","showLabel":false,"naturalOrder":1,"typeConfigFields":[],"linkedFields":["FIRST_NAME"],"relatedInfos":[],"references":[]},"expression":"FIRST_NAME"},{"@type":"fieldMap","id":"12282939","targetField":{"@type":"field","id":60674221,"name":"LAST_NAME","type":"nvarchar","uniqueName":"LAST_NAME","label":"LAST_NAME","parentObject":"CUSTOMER_MASTER","pcType":"UNISTRING","precision":50,"scale":0,"columnIndex":2,"isKey":false,"isWaterMarkKey":false,"isExternalId":false,"isSfIdLookup":false,"isNullable":false,"isUnique":false,"isCreateable":false,"isUpdateable":true,"isFilterable":true,"isCalculated":false,"filterType":"STRING","showLabel":false,"naturalOrder":2,"typeConfigFields":[],"linkedFields":["LAST_NAME"],"relatedInfos":[],"references":[]},"expression":"LAST_NAME"},{"@type":"fieldMap","id":"12282940","targetField":{"@type":"field","id":60674222,"name":"ADDR1","type":"nvarchar","uniqueName":"ADDR1","label":"ADDR1","parentObject":"CUSTOMER_MASTER","pcType":"UNISTRING","precision":50,"scale":0,"columnIndex":3,"isKey":false,"isWaterMarkKey":false,"isExternalId":false,"isSfIdLookup":false,"isNullable":false,"isUnique":false,"isCreateable":false,"isUpdateable":true,"isFilterable":true,"isCalculated":false,"filterType":"STRING","showLabel":false,"naturalOrder":3,"typeConfigFields":[],"linkedFields":["ADDR1"],"relatedInfos":[],"references":[]},"expression":"ADDR1"},{"@type":"fieldMap","id":"12282941","targetField":{"@type":"field","id":60674223,"name":"ADDR2","type":"nvarchar","uniqueName":"ADDR2","label":"ADDR2","parentObject":"CUSTOMER_MASTER","pcType":"UNISTRING","precision":50,"scale":0,"columnIndex":4,"isKey":false,"isWaterMarkKey":false,"isExternalId":false,"isSfIdLookup":false,"isNullable":false,"isUnique":false,"isCreateable":false,"isUpdateable":true,"isFilterable":true,"isCalculated":false,"filterType":"STRING","showLabel":false,"naturalOrder":4,"typeConfigFields":[],"linkedFields":["ADDR2"],"relatedInfos":[],"references":[]},"expression":"ADDR2"},{"@type":"fieldMap","id":"12282942","targetField":{"@type":"field","id":60674224,"name":"CITY","type":"nvarchar","uniqueName":"CITY","label":"CITY","parentObject":"CUSTOMER_MASTER","pcType":"UNISTRING","precision":50,"scale":0,"columnIndex":5,"isKey":false,"isWaterMarkKey":false,"isExternalId":false,"isSfIdLookup":false,"isNullable":false,"isUnique":false,"isCreateable":false,"isUpdateable":true,"isFilterable":true,"isCalculated":false,"filterType":"STRING","showLabel":false,"naturalOrder":5,"typeConfigFields":[],"linkedFields":["CITY"],"relatedInfos":[],"references":[]},"expression":"CITY"},{"@type":"fieldMap","id":"12282943","targetField":{"@type":"field","id":60674225,"name":"STATE","type":"nvarchar","uniqueName":"STATE","label":"STATE","parentObject":"CUSTOMER_MASTER","pcType":"UNISTRING","precision":50,"scale":0,"columnIndex":6,"isKey":false,"isWaterMarkKey":false,"isExternalId":false,"isSfIdLookup":false,"isNullable":false,"isUnique":false,"isCreateable":false,"isUpdateable":true,"isFilterable":true,"isCalculated":false,"filterType":"STRING","showLabel":false,"naturalOrder":6,"typeConfigFields":[],"linkedFields":["STATE"],"relatedInfos":[],"references":[]},"expression":"STATE"},{"@type":"fieldMap","id":"12282944","targetField":{"@type":"field","id":60674226,"name":"POSTAL_CODE","type":"nvarchar","uniqueName":"POSTAL_CODE","label":"POSTAL_CODE","parentObject":"CUSTOMER_MASTER","pcType":"UNISTRING","precision":50,"scale":0,"columnIndex":7,"isKey":false,"isWaterMarkKey":false,"isExternalId":false,"isSfIdLookup":false,"isNullable":false,"isUnique":false,"isCreateable":false,"isUpdateable":true,"isFilterable":true,"isCalculated":false,"filterType":"STRING","showLabel":false,"naturalOrder":7,"typeConfigFields":[],"linkedFields":["POSTAL_CODE"],"relatedInfos":[],"references":[]},"expression":"POSTAL_CODE"},{"@type":"fieldMap","id":"12282945","targetField":{"@type":"field","id":60674227,"name":"PHONE","type":"nvarchar","uniqueName":"PHONE","label":"PHONE","parentObject":"CUSTOMER_MASTER","pcType":"UNISTRING","precision":50,"scale":0,"columnIndex":8,"isKey":false,"isWaterMarkKey":false,"isExternalId":false,"isSfIdLookup":false,"isNullable":false,"isUnique":false,"isCreateable":false,"isUpdateable":true,"isFilterable":true,"isCalculated":false,"filterType":"STRING","showLabel":false,"naturalOrder":8,"typeConfigFields":[],"linkedFields":["PHONE"],"relatedInfos":[],"references":[]},"expression":"PHONE"},{"@type":"fieldMap","id":"12282946","targetField":{"@type":"field","id":60674228,"name":"EMAIL","type":"nvarchar","uniqueName":"EMAIL","label":"EMAIL","parentObject":"CUSTOMER_MASTER","pcType":"UNISTRING","precision":50,"scale":0,"columnIndex":9,"isKey":false,"isWaterMarkKey":false,"isExternalId":false,"isSfIdLookup":false,"isNullable":false,"isUnique":false,"isCreateable":false,"isUpdateable":true,"isFilterable":true,"isCalculated":false,"filterType":"STRING","showLabel":false,"naturalOrder":9,"typeConfigFields":[],"linkedFields":["EMAIL"],"relatedInfos":[],"references":[]},"expression":"EMAIL"}],"sourceFields":[{"@type":"field","id":60674229,"name":"CUST_ID","type":"int","uniqueName":"CUST_ID","label":"CUST_ID","parentObject":"INITIAL_CUSTOMERS.CSV","pcType":"INT","precision":10,"scale":0,"columnIndex":0,"isKey":false,"isWaterMarkKey":false,"isExternalId":false,"isSfIdLookup":false,"isNullable":true,"isUnique":false,"isCreateable":false,"isUpdateable":true,"isFilterable":true,"isCalculated":false,"filterType":"INT","showLabel":false,"naturalOrder":0,"typeConfigFields":[],"linkedFields":["CUST_ID"],"relatedInfos":[],"references":[]},{"@type":"field","id":60674230,"name":"FIRST_NAME","type":"nstring","uniqueName":"FIRST_NAME","label":"FIRST_NAME","parentObject":"INITIAL_CUSTOMERS.CSV","pcType":"UNISTRING","precision":50,"scale":0,"columnIndex":1,"isKey":false,"isWaterMarkKey":false,"isExternalId":false,"isSfIdLookup":false,"isNullable":true,"isUnique":false,"isCreateable":false,"isUpdateable":true,"isFilterable":true,"isCalculated":false,"filterType":"STRING","showLabel":false,"naturalOrder":0,"typeConfigFields":[],"linkedFields":["FIRST_NAME"],"relatedInfos":[],"references":[]},{"@type":"field","id":60674231,"name":"LAST_NAME","type":"nstring","uniqueName":"LAST_NAME","label":"LAST_NAME","parentObject":"INITIAL_CUSTOMERS.CSV","pcType":"UNISTRING","precision":50,"scale":0,"columnIndex":2,"isKey":false,"isWaterMarkKey":false,"isExternalId":false,"isSfIdLookup":false,"isNullable":true,"isUnique":false,"isCreateable":false,"isUpdateable":true,"isFilterable":true,"isCalculated":false,"filterType":"STRING","showLabel":false,"naturalOrder":0,"typeConfigFields":[],"linkedFields":["LAST_NAME"],"relatedInfos":[],"references":[]},{"@type":"field","id":60674232,"name":"ADDR1","type":"nstring","uniqueName":"ADDR1","label":"ADDR1","parentObject":"INITIAL_CUSTOMERS.CSV","pcType":"UNISTRING","precision":50,"scale":0,"columnIndex":3,"isKey":false,"isWaterMarkKey":false,"isExternalId":false,"isSfIdLookup":false,"isNullable":true,"isUnique":false,"isCreateable":false,"isUpdateable":true,"isFilterable":true,"isCalculated":false,"filterType":"STRING","showLabel":false,"naturalOrder":0,"typeConfigFields":[],"linkedFields":["ADDR1"],"relatedInfos":[],"references":[]},{"@type":"field","id":60674233,"name":"ADDR2","type":"nstring","uniqueName":"ADDR2","label":"ADDR2","parentObject":"INITIAL_CUSTOMERS.CSV","pcType":"UNISTRING","precision":50,"scale":0,"columnIndex":4,"isKey":false,"isWaterMarkKey":false,"isExternalId":false,"isSfIdLookup":false,"isNullable":true,"isUnique":false,"isCreateable":false,"isUpdateable":true,"isFilterable":true,"isCalculated":false,"filterType":"STRING","showLabel":false,"naturalOrder":0,"typeConfigFields":[],"linkedFields":["ADDR2"],"relatedInfos":[],"references":[]},{"@type":"field","id":60674234,"name":"CITY","type":"nstring","uniqueName":"CITY","label":"CITY","parentObject":"INITIAL_CUSTOMERS.CSV","pcType":"UNISTRING","precision":50,"scale":0,"columnIndex":5,"isKey":false,"isWaterMarkKey":false,"isExternalId":false,"isSfIdLookup":false,"isNullable":true,"isUnique":false,"isCreateable":false,"isUpdateable":true,"isFilterable":true,"isCalculated":false,"filterType":"STRING","showLabel":false,"naturalOrder":0,"typeConfigFields":[],"linkedFields":["CITY"],"relatedInfos":[],"references":[]},{"@type":"field","id":60674235,"name":"STATE","type":"nstring","uniqueName":"STATE","label":"STATE","parentObject":"INITIAL_CUSTOMERS.CSV","pcType":"UNISTRING","precision":50,"scale":0,"columnIndex":6,"isKey":false,"isWaterMarkKey":false,"isExternalId":false,"isSfIdLookup":false,"isNullable":true,"isUnique":false,"isCreateable":false,"isUpdateable":true,"isFilterable":true,"isCalculated":false,"filterType":"STRING","showLabel":false,"naturalOrder":0,"typeConfigFields":[],"linkedFields":["STATE"],"relatedInfos":[],"references":[]},{"@type":"field","id":60674236,"name":"POSTAL_CODE","type":"nstring","uniqueName":"POSTAL_CODE","label":"POSTAL_CODE","parentObject":"INITIAL_CUSTOMERS.CSV","pcType":"UNISTRING","precision":50,"scale":0,"columnIndex":7,"isKey":false,"isWaterMarkKey":false,"isExternalId":false,"isSfIdLookup":false,"isNullable":true,"isUnique":false,"isCreateable":false,"isUpdateable":true,"isFilterable":true,"isCalculated":false,"filterType":"STRING","showLabel":false,"naturalOrder":0,"typeConfigFields":[],"linkedFields":["POSTAL_CODE"],"relatedInfos":[],"references":[]},{"@type":"field","id":60674237,"name":"PHONE","type":"nstring","uniqueName":"PHONE","label":"PHONE","parentObject":"INITIAL_CUSTOMERS.CSV","pcType":"UNISTRING","precision":50,"scale":0,"columnIndex":8,"isKey":false,"isWaterMarkKey":false,"isExternalId":false,"isSfIdLookup":false,"isNullable":true,"isUnique":false,"isCreateable":false,"isUpdateable":true,"isFilterable":true,"isCalculated":false,"filterType":"STRING","showLabel":false,"naturalOrder":0,"typeConfigFields":[],"linkedFields":["PHONE"],"relatedInfos":[],"references":[]},{"@type":"field","id":60674238,"name":"EMAIL","type":"nstring","uniqueName":"EMAIL","label":"EMAIL","parentObject":"INITIAL_CUSTOMERS.CSV","pcType":"UNISTRING","precision":50,"scale":0,"columnIndex":9,"isKey":false,"isWaterMarkKey":false,"isExternalId":false,"isSfIdLookup":false,"isNullable":true,"isUnique":false,"isCreateable":false,"isUpdateable":true,"isFilterable":true,"isCalculated":false,"filterType":"STRING","showLabel":false,"naturalOrder":0,"typeConfigFields":[],"linkedFields":["EMAIL"],"relatedInfos":[],"references":[]}],"sortFields":[],"groupFields":[]}]