[{"@type":"mappingTemplate","id":"@1","name":"M_CDC_06","description":"","bundleVersion":"0","templateId":"@3","deployTime":1709409230000,"hasParameters":false,"valid":true,"fixedConnection":true,"hasParametersDeployed":false,"fixedConnectionDeployed":true,"isSchemaValidationEnabled":false,"tasks":1,"mappingPreviewFileRecordId":"@2","documentType":"MAPPING","references":[{"@type":"reference","refObjectId":"@gmhZmrR4LaFjEhBRQlDk0U","refType":"connection"},{"@type":"reference","refObjectId":"@82Ie9EFV8bykAdmblSGCMb","refType":"connection"}]}]