[{"@type":"mappingTemplate","id":"@1","name":"M_CDC_06","description":"","bundleVersion":"0","templateId":"@3","deployTime":1710632529000,"hasParameters":false,"valid":true,"fixedConnection":true,"hasParametersDeployed":false,"fixedConnectionDeployed":true,"isSchemaValidationEnabled":false,"tasks":0,"mappingPreviewFileRecordId":"@2","documentType":"MAPPING","references":[{"@type":"reference","refObjectId":"@7ZpT4rwTjMQkCAE3iUbd4d","refType":"connection"},{"@type":"reference","refObjectId":"@89X6Wa7KuuLe6t7VbCL1IE","refType":"connection"}]}]