[{"@type":"dssTask","id":"@1","name":"ST_LOAD_DEPT","description":"","maxLogs":10,"sourceConnectionId":"@3eKvdt7828ejAeDimc1duv","targetConnectionId":"@5QPuNGDR3xBfQPpCMWLDgP","targetObject":"DEPT","targetObjectLabel":"DEPT","operation":"Upsert","maxRows":0,"truncateTarget":false,"bulkApiDBTarget":false,"verbose":false,"srcFlatFileAttrs":{"@type":"flatFileAttrs","id":28855518,"delimiter":",","textQualifier":"\"","escapeChar":"","headerLineNo":1,"firstDataRow":2,"rowDelimiter":0,"consecutiveDelimiter":false},"targetMetadataUpdated":false,"modelVersion":"V3-R600","queryAll":false,"srcSettings":{"@type":"taskDataSourceSetting","isShowLabels":false,"isNaturalOrder":true},"tgtSettings":{"@type":"taskDataSourceSetting","isShowLabels":false,"isNaturalOrder":true},"cfSettings":{"@type":"taskDataSourceSetting","isShowLabels":false,"isNaturalOrder":false},"bulkApi":false,"bulkApiSerialMode":false,"bulkApiMonitor":false,"isTargetObjectSfCustom":false,"allowNullUpdates":false,"targetBatchSize":200,"assignmentRuleId":"-1","assignmentRuleType":"None","createSuccessFile":false,"bulkApiHardDelete":false,"srcRuntimeAttrs":{"@type":"taskRuntimeAttrs","attrs":{}},"tgtRuntimeAttrs":{"@type":"taskRuntimeAttrs","attrs":{}},"parameterFileEncoding":"UTF-8","serverlessProperties":{},"sourceObjects":[{"@type":"mObject","name":"Dept.csv","label":"Dept.csv","metadataUpdated":false,"relations":[],"children":[]}],"advancedFilters":[],"filters":[],"fieldMaps":[{"@type":"fieldMap","id":"12279056","targetField":{"@type":"field","id":60505589,"name":"DEPTNO","type":"decimal","uniqueName":"DEPTNO","label":"DEPTNO","parentObject":"DEPT","pcType":"HIPRECDECIMAL","precision":10,"scale":0,"columnIndex":0,"isKey":true,"isWaterMarkKey":false,"isExternalId":false,"isSfIdLookup":false,"isNullable":false,"isUnique":true,"isCreateable":false,"isUpdateable":true,"isFilterable":true,"isCalculated":false,"filterType":"DOUBLE","showLabel":false,"naturalOrder":0,"typeConfigFields":[],"linkedFields":["deptno"],"relatedInfos":[],"references":[]},"expression":"deptno"},{"@type":"fieldMap","id":"12279057","targetField":{"@type":"field","id":60505590,"name":"DNAME","type":"varchar","uniqueName":"DNAME","label":"DNAME","parentObject":"DEPT","pcType":"STRING","precision":60,"scale":0,"columnIndex":1,"isKey":false,"isWaterMarkKey":false,"isExternalId":false,"isSfIdLookup":false,"isNullable":true,"isUnique":false,"isCreateable":false,"isUpdateable":true,"isFilterable":true,"isCalculated":false,"filterType":"STRING","showLabel":false,"naturalOrder":1,"typeConfigFields":[],"linkedFields":["dname"],"relatedInfos":[],"references":[]},"expression":"dname"},{"@type":"fieldMap","id":"12279058","targetField":{"@type":"field","id":60505591,"name":"LOCATION","type":"varchar","uniqueName":"LOCATION","label":"LOCATION","parentObject":"DEPT","pcType":"STRING","precision":60,"scale":0,"columnIndex":2,"isKey":false,"isWaterMarkKey":false,"isExternalId":false,"isSfIdLookup":false,"isNullable":true,"isUnique":false,"isCreateable":false,"isUpdateable":true,"isFilterable":true,"isCalculated":false,"filterType":"STRING","showLabel":false,"naturalOrder":2,"typeConfigFields":[],"linkedFields":["location"],"relatedInfos":[],"references":[]},"expression":"location"}],"sourceFields":[{"@type":"field","id":60505592,"name":"deptno","type":"number","uniqueName":"deptno","label":"deptno","parentObject":"Dept.csv","pcType":"HIPRECDECIMAL","precision":10,"scale":0,"columnIndex":0,"isKey":false,"isWaterMarkKey":false,"isExternalId":false,"isSfIdLookup":false,"isNullable":true,"isUnique":false,"isCreateable":false,"isUpdateable":true,"isFilterable":true,"isCalculated":false,"filterType":"DOUBLE","showLabel":false,"naturalOrder":0,"typeConfigFields":[],"linkedFields":["DEPTNO"],"relatedInfos":[],"references":[]},{"@type":"field","id":60505593,"name":"dname","type":"nstring","uniqueName":"dname","label":"dname","parentObject":"Dept.csv","pcType":"UNISTRING","precision":60,"scale":0,"columnIndex":1,"isKey":false,"isWaterMarkKey":false,"isExternalId":false,"isSfIdLookup":false,"isNullable":true,"isUnique":false,"isCreateable":false,"isUpdateable":true,"isFilterable":true,"isCalculated":false,"filterType":"STRING","showLabel":false,"naturalOrder":0,"typeConfigFields":[],"linkedFields":["DNAME"],"relatedInfos":[],"references":[]},{"@type":"field","id":60505594,"name":"location","type":"nstring","uniqueName":"location","label":"location","parentObject":"Dept.csv","pcType":"UNISTRING","precision":60,"scale":0,"columnIndex":2,"isKey":false,"isWaterMarkKey":false,"isExternalId":false,"isSfIdLookup":false,"isNullable":true,"isUnique":false,"isCreateable":false,"isUpdateable":true,"isFilterable":true,"isCalculated":false,"filterType":"STRING","showLabel":false,"naturalOrder":0,"typeConfigFields":[],"linkedFields":["LOCATION"],"relatedInfos":[],"references":[]}],"sortFields":[],"groupFields":[]}]