[{"@type":"mappingTemplate","id":"@1","name":"Mapping5","description":"","bundleVersion":"0","templateId":"@3","deployTime":1709583513000,"hasParameters":false,"valid":true,"fixedConnection":true,"hasParametersDeployed":false,"fixedConnectionDeployed":true,"isSchemaValidationEnabled":false,"tasks":0,"mappingPreviewFileRecordId":"@2","documentType":"MAPPING","references":[{"@type":"reference","refObjectId":"@82Ie9EFV8bykAdmblSGCMb","refType":"connection"},{"@type":"reference","refObjectId":"@hf0hdvvCVEii0qNjd9O9ig","refType":"connection"},{"@type":"reference","refObjectId":"@4CRe7kl3KzgcyDtc8yrC8P","refType":"frsDocument"}]}]