[{"@type":"mappingTemplate","id":"@1","name":"M_LOAD_EMP - Copy 1 - Copy 1","description":"","bundleVersion":"0","templateId":"@3","hasParameters":false,"valid":true,"fixedConnection":true,"hasParametersDeployed":false,"fixedConnectionDeployed":false,"isSchemaValidationEnabled":false,"tasks":0,"mappingPreviewFileRecordId":"@2","documentType":"MAPPING","references":[{"@type":"reference","refObjectId":"@5QPuNGDR3xBfQPpCMWLDgP","refType":"connection"},{"@type":"reference","refObjectId":"@3eKvdt7828ejAeDimc1duv","refType":"connection"}]}]