[{"@type":"customSource","id":"@1","name":"sq_Instructor Query","description":"sq Instructor Query","type":"SqlServer","query":"SELECT CUST_ID, NAME FROM dbo.CUSTOMER WHERE COUNTRY = 'US' OR\r\nCOUNTRY = 'USA' AND STATUS = 'LIVE'","fields":[{"@type":"field","id":60674004,"name":"CUST_ID","type":"smallint","uniqueName":"CUST_ID","label":"CUST_ID","parentObject":"sq_Instructor Query","pcType":"INT","precision":5,"scale":0,"columnIndex":0,"isKey":false,"isWaterMarkKey":false,"isExternalId":false,"isSfIdLookup":false,"isNullable":false,"isUnique":false,"isCreateable":false,"isUpdateable":true,"isFilterable":true,"isCalculated":false,"filterType":"INT","showLabel":true,"naturalOrder":0,"typeConfigFields":[],"linkedFields":[],"relatedInfos":[],"references":[]},{"@type":"field","id":60674005,"name":"NAME","type":"nvarchar","uniqueName":"NAME","label":"NAME","parentObject":"sq_Instructor Query","pcType":"UNISTRING","precision":50,"scale":0,"columnIndex":1,"isKey":false,"isWaterMarkKey":false,"isExternalId":false,"isSfIdLookup":false,"isNullable":false,"isUnique":false,"isCreateable":false,"isUpdateable":true,"isFilterable":true,"isCalculated":false,"filterType":"STRING","showLabel":true,"naturalOrder":0,"typeConfigFields":[],"linkedFields":[],"relatedInfos":[],"references":[]}]}]