[{"@type":"dssTask","id":"@1","name":"syn_OutletsLoad_SQL_Query","description":"syn OutletsLoad SQL Query","maxLogs":10,"sourceConnectionId":"@6ZP11l3B9yzlE0ljDnVYsY","targetConnectionId":"@0DggaK7DyemfzpcQPG2AmN","targetObject":"Account","targetObjectLabel":"Account","operation":"Insert","maxRows":0,"truncateTarget":false,"bulkApiDBTarget":false,"verbose":false,"targetMetadataUpdated":false,"modelVersion":"V3-R600","customSourceId":"@fQAm24h4EC9gfJr5RVP2Eh","queryAll":false,"srcSettings":{"@type":"taskDataSourceSetting","isShowLabels":false,"isNaturalOrder":true},"tgtSettings":{"@type":"taskDataSourceSetting","isShowLabels":false,"isNaturalOrder":true},"cfSettings":{"@type":"taskDataSourceSetting","isShowLabels":false,"isNaturalOrder":false},"bulkApi":false,"bulkApiSerialMode":false,"bulkApiMonitor":false,"isTargetObjectSfCustom":false,"allowNullUpdates":false,"targetBatchSize":200,"assignmentRuleId":"-1","assignmentRuleType":"None","createSuccessFile":false,"bulkApiHardDelete":false,"srcRuntimeAttrs":{"@type":"taskRuntimeAttrs","attrs":{}},"tgtRuntimeAttrs":{"@type":"taskRuntimeAttrs","attrs":{}},"parameterFileEncoding":"UTF-8","serverlessProperties":{},"sourceObjects":[],"advancedFilters":[],"filters":[],"fieldMaps":[{"@type":"fieldMap","id":"12282795","targetField":{"@type":"field","id":60674024,"name":"Id","type":"id","uniqueName":"Id","label":"Account ID","parentObject":"Account","pcType":"STRING","precision":18,"scale":0,"columnIndex":0,"isKey":true,"isWaterMarkKey":false,"isExternalId":false,"isSfIdLookup":true,"isNullable":false,"isUnique":false,"isCreateable":false,"isUpdateable":false,"isFilterable":true,"isCalculated":false,"filterType":"STRING","showLabel":false,"naturalOrder":0,"typeConfigFields":[],"linkedFields":[],"relatedInfos":[],"references":[]}},{"@type":"fieldMap","id":"12282796","targetField":{"@type":"field","id":60674025,"name":"IsDeleted","type":"boolean","uniqueName":"IsDeleted","label":"Deleted","parentObject":"Account","pcType":"INT","precision":10,"scale":0,"columnIndex":1,"isKey":false,"isWaterMarkKey":false,"isExternalId":false,"isSfIdLookup":false,"isNullable":false,"isUnique":false,"isCreateable":false,"isUpdateable":false,"isFilterable":true,"isCalculated":false,"filterType":"BOOLEAN","showLabel":false,"naturalOrder":1,"typeConfigFields":[],"linkedFields":[],"relatedInfos":[],"references":[]}},{"@type":"fieldMap","id":"12282797","targetField":{"@type":"field","id":60674026,"name":"MasterRecordId","type":"reference","uniqueName":"MasterRecordId","label":"Master Record ID","parentObject":"Account","pcType":"STRING","precision":18,"scale":0,"columnIndex":2,"isKey":false,"isWaterMarkKey":false,"isExternalId":false,"isSfIdLookup":false,"isNullable":true,"isUnique":false,"isCreateable":false,"isUpdateable":false,"isFilterable":true,"isCalculated":false,"filterType":"STRING","showLabel":false,"naturalOrder":2,"typeConfigFields":[],"linkedFields":[],"relatedInfos":[{"@type":"fieldRelatedInfo","id":711371,"referenceObject":"Account","relationshipName":"MasterRecord","referenceField":{"@type":"field","id":-1,"precision":0,"scale":0,"columnIndex":-1,"isKey":false,"isWaterMarkKey":false,"isExternalId":false,"isSfIdLookup":false,"isNullable":true,"isUnique":false,"isCreateable":false,"isUpdateable":true,"isFilterable":true,"isCalculated":false,"showLabel":true,"naturalOrder":0,"typeConfigFields":[],"linkedFields":[],"relatedInfos":[],"references":[]}}],"references":[]}},{"@type":"fieldMap","id":"12282798","targetField":{"@type":"field","id":60674027,"name":"Name","type":"string","uniqueName":"Name","label":"Account Name","parentObject":"Account","pcType":"STRING","precision":255,"scale":0,"columnIndex":3,"isKey":false,"isWaterMarkKey":false,"isExternalId":false,"isSfIdLookup":false,"isNullable":false,"isUnique":false,"isCreateable":true,"isUpdateable":true,"isFilterable":true,"isCalculated":false,"filterType":"STRING","showLabel":false,"naturalOrder":3,"typeConfigFields":[],"linkedFields":["NAME"],"relatedInfos":[],"references":[]},"expression":"NAME"},{"@type":"fieldMap","id":"12282799","targetField":{"@type":"field","id":60674028,"name":"Type","type":"picklist","uniqueName":"Type","label":"Account Type","parentObject":"Account","pcType":"STRING","precision":255,"scale":0,"columnIndex":4,"isKey":false,"isWaterMarkKey":false,"isExternalId":false,"isSfIdLookup":false,"isNullable":true,"isUnique":false,"isCreateable":true,"isUpdateable":true,"isFilterable":true,"isCalculated":false,"filterType":"STRING","showLabel":false,"naturalOrder":4,"typeConfigFields":[],"linkedFields":[],"relatedInfos":[],"references":[]}},{"@type":"fieldMap","id":"12282800","targetField":{"@type":"field","id":60674029,"name":"ParentId","type":"reference","uniqueName":"ParentId","label":"Parent Account ID","parentObject":"Account","pcType":"STRING","precision":18,"scale":0,"columnIndex":5,"isKey":false,"isWaterMarkKey":false,"isExternalId":false,"isSfIdLookup":false,"isNullable":true,"isUnique":false,"isCreateable":true,"isUpdateable":true,"isFilterable":true,"isCalculated":false,"filterType":"STRING","showLabel":false,"naturalOrder":5,"typeConfigFields":[],"linkedFields":[],"relatedInfos":[{"@type":"fieldRelatedInfo","id":711372,"referenceObject":"Account","relationshipName":"Parent","referenceField":{"@type":"field","id":-1,"precision":0,"scale":0,"columnIndex":-1,"isKey":false,"isWaterMarkKey":false,"isExternalId":false,"isSfIdLookup":false,"isNullable":true,"isUnique":false,"isCreateable":false,"isUpdateable":true,"isFilterable":true,"isCalculated":false,"showLabel":true,"naturalOrder":0,"typeConfigFields":[],"linkedFields":[],"relatedInfos":[],"references":[]}}],"references":[]}},{"@type":"fieldMap","id":"12282801","targetField":{"@type":"field","id":60674030,"name":"BillingStreet","type":"textarea","uniqueName":"BillingStreet","label":"Billing Street","parentObject":"Account","pcType":"STRING","precision":255,"scale":0,"columnIndex":6,"isKey":false,"isWaterMarkKey":false,"isExternalId":false,"isSfIdLookup":false,"isNullable":true,"isUnique":false,"isCreateable":true,"isUpdateable":true,"isFilterable":true,"isCalculated":false,"filterType":"STRING","showLabel":false,"naturalOrder":6,"typeConfigFields":[],"linkedFields":[],"relatedInfos":[],"references":[]}},{"@type":"fieldMap","id":"12282802","targetField":{"@type":"field","id":60674031,"name":"BillingCity","type":"string","uniqueName":"BillingCity","label":"Billing City","parentObject":"Account","pcType":"STRING","precision":40,"scale":0,"columnIndex":7,"isKey":false,"isWaterMarkKey":false,"isExternalId":false,"isSfIdLookup":false,"isNullable":true,"isUnique":false,"isCreateable":true,"isUpdateable":true,"isFilterable":true,"isCalculated":false,"filterType":"STRING","showLabel":false,"naturalOrder":7,"typeConfigFields":[],"linkedFields":[],"relatedInfos":[],"references":[]}},{"@type":"fieldMap","id":"12282803","targetField":{"@type":"field","id":60674032,"name":"BillingState","type":"string","uniqueName":"BillingState","label":"Billing State/Province","parentObject":"Account","pcType":"STRING","precision":80,"scale":0,"columnIndex":8,"isKey":false,"isWaterMarkKey":false,"isExternalId":false,"isSfIdLookup":false,"isNullable":true,"isUnique":false,"isCreateable":true,"isUpdateable":true,"isFilterable":true,"isCalculated":false,"filterType":"STRING","showLabel":false,"naturalOrder":8,"typeConfigFields":[],"linkedFields":[],"relatedInfos":[],"references":[]}},{"@type":"fieldMap","id":"12282804","targetField":{"@type":"field","id":60674033,"name":"BillingPostalCode","type":"string","uniqueName":"BillingPostalCode","label":"Billing Zip/Postal Code","parentObject":"Account","pcType":"STRING","precision":20,"scale":0,"columnIndex":9,"isKey":false,"isWaterMarkKey":false,"isExternalId":false,"isSfIdLookup":false,"isNullable":true,"isUnique":false,"isCreateable":true,"isUpdateable":true,"isFilterable":true,"isCalculated":false,"filterType":"STRING","showLabel":false,"naturalOrder":9,"typeConfigFields":[],"linkedFields":[],"relatedInfos":[],"references":[]}},{"@type":"fieldMap","id":"12282805","targetField":{"@type":"field","id":60674034,"name":"BillingCountry","type":"string","uniqueName":"BillingCountry","label":"Billing Country","parentObject":"Account","pcType":"STRING","precision":80,"scale":0,"columnIndex":10,"isKey":false,"isWaterMarkKey":false,"isExternalId":false,"isSfIdLookup":false,"isNullable":true,"isUnique":false,"isCreateable":true,"isUpdateable":true,"isFilterable":true,"isCalculated":false,"filterType":"STRING","showLabel":false,"naturalOrder":10,"typeConfigFields":[],"linkedFields":[],"relatedInfos":[],"references":[]}},{"@type":"fieldMap","id":"12282806","targetField":{"@type":"field","id":60674035,"name":"BillingLatitude","type":"double","uniqueName":"BillingLatitude","label":"Billing Latitude","parentObject":"Account","pcType":"HIPRECDECIMAL","precision":18,"scale":15,"columnIndex":11,"isKey":false,"isWaterMarkKey":false,"isExternalId":false,"isSfIdLookup":false,"isNullable":true,"isUnique":false,"isCreateable":true,"isUpdateable":true,"isFilterable":true,"isCalculated":false,"filterType":"DOUBLE","showLabel":false,"naturalOrder":11,"typeConfigFields":[],"linkedFields":[],"relatedInfos":[],"references":[]}},{"@type":"fieldMap","id":"12282807","targetField":{"@type":"field","id":60674036,"name":"BillingLongitude","type":"double","uniqueName":"BillingLongitude","label":"Billing Longitude","parentObject":"Account","pcType":"HIPRECDECIMAL","precision":18,"scale":15,"columnIndex":12,"isKey":false,"isWaterMarkKey":false,"isExternalId":false,"isSfIdLookup":false,"isNullable":true,"isUnique":false,"isCreateable":true,"isUpdateable":true,"isFilterable":true,"isCalculated":false,"filterType":"DOUBLE","showLabel":false,"naturalOrder":12,"typeConfigFields":[],"linkedFields":[],"relatedInfos":[],"references":[]}},{"@type":"fieldMap","id":"12282808","targetField":{"@type":"field","id":60674037,"name":"BillingGeocodeAccuracy","type":"picklist","uniqueName":"BillingGeocodeAccuracy","label":"Billing Geocode Accuracy","parentObject":"Account","pcType":"STRING","precision":40,"scale":0,"columnIndex":13,"isKey":false,"isWaterMarkKey":false,"isExternalId":false,"isSfIdLookup":false,"isNullable":true,"isUnique":false,"isCreateable":true,"isUpdateable":true,"isFilterable":true,"isCalculated":false,"filterType":"STRING","showLabel":false,"naturalOrder":13,"typeConfigFields":[],"linkedFields":[],"relatedInfos":[],"references":[]}},{"@type":"fieldMap","id":"12282809","targetField":{"@type":"field","id":60674038,"name":"ShippingStreet","type":"textarea","uniqueName":"ShippingStreet","label":"Shipping Street","parentObject":"Account","pcType":"STRING","precision":255,"scale":0,"columnIndex":14,"isKey":false,"isWaterMarkKey":false,"isExternalId":false,"isSfIdLookup":false,"isNullable":true,"isUnique":false,"isCreateable":true,"isUpdateable":true,"isFilterable":true,"isCalculated":false,"filterType":"STRING","showLabel":false,"naturalOrder":14,"typeConfigFields":[],"linkedFields":[],"relatedInfos":[],"references":[]}},{"@type":"fieldMap","id":"12282810","targetField":{"@type":"field","id":60674039,"name":"ShippingCity","type":"string","uniqueName":"ShippingCity","label":"Shipping City","parentObject":"Account","pcType":"STRING","precision":40,"scale":0,"columnIndex":15,"isKey":false,"isWaterMarkKey":false,"isExternalId":false,"isSfIdLookup":false,"isNullable":true,"isUnique":false,"isCreateable":true,"isUpdateable":true,"isFilterable":true,"isCalculated":false,"filterType":"STRING","showLabel":false,"naturalOrder":15,"typeConfigFields":[],"linkedFields":[],"relatedInfos":[],"references":[]}},{"@type":"fieldMap","id":"12282811","targetField":{"@type":"field","id":60674040,"name":"ShippingState","type":"string","uniqueName":"ShippingState","label":"Shipping State/Province","parentObject":"Account","pcType":"STRING","precision":80,"scale":0,"columnIndex":16,"isKey":false,"isWaterMarkKey":false,"isExternalId":false,"isSfIdLookup":false,"isNullable":true,"isUnique":false,"isCreateable":true,"isUpdateable":true,"isFilterable":true,"isCalculated":false,"filterType":"STRING","showLabel":false,"naturalOrder":16,"typeConfigFields":[],"linkedFields":[],"relatedInfos":[],"references":[]}},{"@type":"fieldMap","id":"12282812","targetField":{"@type":"field","id":60674041,"name":"ShippingPostalCode","type":"string","uniqueName":"ShippingPostalCode","label":"Shipping Zip/Postal Code","parentObject":"Account","pcType":"STRING","precision":20,"scale":0,"columnIndex":17,"isKey":false,"isWaterMarkKey":false,"isExternalId":false,"isSfIdLookup":false,"isNullable":true,"isUnique":false,"isCreateable":true,"isUpdateable":true,"isFilterable":true,"isCalculated":false,"filterType":"STRING","showLabel":false,"naturalOrder":17,"typeConfigFields":[],"linkedFields":[],"relatedInfos":[],"references":[]}},{"@type":"fieldMap","id":"12282813","targetField":{"@type":"field","id":60674042,"name":"ShippingCountry","type":"string","uniqueName":"ShippingCountry","label":"Shipping Country","parentObject":"Account","pcType":"STRING","precision":80,"scale":0,"columnIndex":18,"isKey":false,"isWaterMarkKey":false,"isExternalId":false,"isSfIdLookup":false,"isNullable":true,"isUnique":false,"isCreateable":true,"isUpdateable":true,"isFilterable":true,"isCalculated":false,"filterType":"STRING","showLabel":false,"naturalOrder":18,"typeConfigFields":[],"linkedFields":[],"relatedInfos":[],"references":[]}},{"@type":"fieldMap","id":"12282814","targetField":{"@type":"field","id":60674043,"name":"ShippingLatitude","type":"double","uniqueName":"ShippingLatitude","label":"Shipping Latitude","parentObject":"Account","pcType":"HIPRECDECIMAL","precision":18,"scale":15,"columnIndex":19,"isKey":false,"isWaterMarkKey":false,"isExternalId":false,"isSfIdLookup":false,"isNullable":true,"isUnique":false,"isCreateable":true,"isUpdateable":true,"isFilterable":true,"isCalculated":false,"filterType":"DOUBLE","showLabel":false,"naturalOrder":19,"typeConfigFields":[],"linkedFields":[],"relatedInfos":[],"references":[]}},{"@type":"fieldMap","id":"12282815","targetField":{"@type":"field","id":60674044,"name":"ShippingLongitude","type":"double","uniqueName":"ShippingLongitude","label":"Shipping Longitude","parentObject":"Account","pcType":"HIPRECDECIMAL","precision":18,"scale":15,"columnIndex":20,"isKey":false,"isWaterMarkKey":false,"isExternalId":false,"isSfIdLookup":false,"isNullable":true,"isUnique":false,"isCreateable":true,"isUpdateable":true,"isFilterable":true,"isCalculated":false,"filterType":"DOUBLE","showLabel":false,"naturalOrder":20,"typeConfigFields":[],"linkedFields":[],"relatedInfos":[],"references":[]}},{"@type":"fieldMap","id":"12282816","targetField":{"@type":"field","id":60674045,"name":"ShippingGeocodeAccuracy","type":"picklist","uniqueName":"ShippingGeocodeAccuracy","label":"Shipping Geocode Accuracy","parentObject":"Account","pcType":"STRING","precision":40,"scale":0,"columnIndex":21,"isKey":false,"isWaterMarkKey":false,"isExternalId":false,"isSfIdLookup":false,"isNullable":true,"isUnique":false,"isCreateable":true,"isUpdateable":true,"isFilterable":true,"isCalculated":false,"filterType":"STRING","showLabel":false,"naturalOrder":21,"typeConfigFields":[],"linkedFields":[],"relatedInfos":[],"references":[]}},{"@type":"fieldMap","id":"12282817","targetField":{"@type":"field","id":60674046,"name":"Phone","type":"phone","uniqueName":"Phone","label":"Account Phone","parentObject":"Account","pcType":"STRING","precision":40,"scale":0,"columnIndex":22,"isKey":false,"isWaterMarkKey":false,"isExternalId":false,"isSfIdLookup":false,"isNullable":true,"isUnique":false,"isCreateable":true,"isUpdateable":true,"isFilterable":true,"isCalculated":false,"filterType":"STRING","showLabel":false,"naturalOrder":22,"typeConfigFields":[],"linkedFields":[],"relatedInfos":[],"references":[]}},{"@type":"fieldMap","id":"12282818","targetField":{"@type":"field","id":60674047,"name":"Fax","type":"phone","uniqueName":"Fax","label":"Account Fax","parentObject":"Account","pcType":"STRING","precision":40,"scale":0,"columnIndex":23,"isKey":false,"isWaterMarkKey":false,"isExternalId":false,"isSfIdLookup":false,"isNullable":true,"isUnique":false,"isCreateable":true,"isUpdateable":true,"isFilterable":true,"isCalculated":false,"filterType":"STRING","showLabel":false,"naturalOrder":23,"typeConfigFields":[],"linkedFields":[],"relatedInfos":[],"references":[]}},{"@type":"fieldMap","id":"12282819","targetField":{"@type":"field","id":60674048,"name":"AccountNumber","type":"string","uniqueName":"AccountNumber","label":"Account Number","parentObject":"Account","pcType":"STRING","precision":40,"scale":0,"columnIndex":24,"isKey":false,"isWaterMarkKey":false,"isExternalId":false,"isSfIdLookup":false,"isNullable":true,"isUnique":false,"isCreateable":true,"isUpdateable":true,"isFilterable":true,"isCalculated":false,"filterType":"STRING","showLabel":false,"naturalOrder":24,"typeConfigFields":[],"linkedFields":[],"relatedInfos":[],"references":[]}},{"@type":"fieldMap","id":"12282820","targetField":{"@type":"field","id":60674049,"name":"Website","type":"url","uniqueName":"Website","label":"Website","parentObject":"Account","pcType":"STRING","precision":255,"scale":0,"columnIndex":25,"isKey":false,"isWaterMarkKey":false,"isExternalId":false,"isSfIdLookup":false,"isNullable":true,"isUnique":false,"isCreateable":true,"isUpdateable":true,"isFilterable":true,"isCalculated":false,"filterType":"STRING","showLabel":false,"naturalOrder":25,"typeConfigFields":[],"linkedFields":[],"relatedInfos":[],"references":[]}},{"@type":"fieldMap","id":"12282821","targetField":{"@type":"field","id":60674050,"name":"PhotoUrl","type":"url","uniqueName":"PhotoUrl","label":"Photo URL","parentObject":"Account","pcType":"STRING","precision":255,"scale":0,"columnIndex":26,"isKey":false,"isWaterMarkKey":false,"isExternalId":false,"isSfIdLookup":false,"isNullable":true,"isUnique":false,"isCreateable":false,"isUpdateable":false,"isFilterable":true,"isCalculated":false,"filterType":"STRING","showLabel":false,"naturalOrder":26,"typeConfigFields":[],"linkedFields":[],"relatedInfos":[],"references":[]}},{"@type":"fieldMap","id":"12282822","targetField":{"@type":"field","id":60674051,"name":"Sic","type":"string","uniqueName":"Sic","label":"SIC Code","parentObject":"Account","pcType":"STRING","precision":20,"scale":0,"columnIndex":27,"isKey":false,"isWaterMarkKey":false,"isExternalId":false,"isSfIdLookup":false,"isNullable":true,"isUnique":false,"isCreateable":true,"isUpdateable":true,"isFilterable":true,"isCalculated":false,"filterType":"STRING","showLabel":false,"naturalOrder":27,"typeConfigFields":[],"linkedFields":[],"relatedInfos":[],"references":[]}},{"@type":"fieldMap","id":"12282823","targetField":{"@type":"field","id":60674052,"name":"Industry","type":"picklist","uniqueName":"Industry","label":"Industry","parentObject":"Account","pcType":"STRING","precision":255,"scale":0,"columnIndex":28,"isKey":false,"isWaterMarkKey":false,"isExternalId":false,"isSfIdLookup":false,"isNullable":true,"isUnique":false,"isCreateable":true,"isUpdateable":true,"isFilterable":true,"isCalculated":false,"filterType":"STRING","showLabel":false,"naturalOrder":28,"typeConfigFields":[],"linkedFields":[],"relatedInfos":[],"references":[]}},{"@type":"fieldMap","id":"12282824","targetField":{"@type":"field","id":60674053,"name":"AnnualRevenue","type":"currency","uniqueName":"AnnualRevenue","label":"Annual Revenue","parentObject":"Account","pcType":"HIPRECDECIMAL","precision":18,"scale":0,"columnIndex":29,"isKey":false,"isWaterMarkKey":false,"isExternalId":false,"isSfIdLookup":false,"isNullable":true,"isUnique":false,"isCreateable":true,"isUpdateable":true,"isFilterable":true,"isCalculated":false,"filterType":"CURRENCY","showLabel":false,"naturalOrder":29,"typeConfigFields":[],"linkedFields":[],"relatedInfos":[],"references":[]}},{"@type":"fieldMap","id":"12282825","targetField":{"@type":"field","id":60674054,"name":"NumberOfEmployees","type":"int","uniqueName":"NumberOfEmployees","label":"Employees","parentObject":"Account","pcType":"INT","precision":10,"scale":0,"columnIndex":30,"isKey":false,"isWaterMarkKey":false,"isExternalId":false,"isSfIdLookup":false,"isNullable":true,"isUnique":false,"isCreateable":true,"isUpdateable":true,"isFilterable":true,"isCalculated":false,"filterType":"INT","showLabel":false,"naturalOrder":30,"typeConfigFields":[],"linkedFields":[],"relatedInfos":[],"references":[]}},{"@type":"fieldMap","id":"12282826","targetField":{"@type":"field","id":60674055,"name":"Ownership","type":"picklist","uniqueName":"Ownership","label":"Ownership","parentObject":"Account","pcType":"STRING","precision":255,"scale":0,"columnIndex":31,"isKey":false,"isWaterMarkKey":false,"isExternalId":false,"isSfIdLookup":false,"isNullable":true,"isUnique":false,"isCreateable":true,"isUpdateable":true,"isFilterable":true,"isCalculated":false,"filterType":"STRING","showLabel":false,"naturalOrder":31,"typeConfigFields":[],"linkedFields":[],"relatedInfos":[],"references":[]}},{"@type":"fieldMap","id":"12282827","targetField":{"@type":"field","id":60674056,"name":"TickerSymbol","type":"string","uniqueName":"TickerSymbol","label":"Ticker Symbol","parentObject":"Account","pcType":"STRING","precision":20,"scale":0,"columnIndex":32,"isKey":false,"isWaterMarkKey":false,"isExternalId":false,"isSfIdLookup":false,"isNullable":true,"isUnique":false,"isCreateable":true,"isUpdateable":true,"isFilterable":true,"isCalculated":false,"filterType":"STRING","showLabel":false,"naturalOrder":32,"typeConfigFields":[],"linkedFields":[],"relatedInfos":[],"references":[]}},{"@type":"fieldMap","id":"12282828","targetField":{"@type":"field","id":60674057,"name":"Description","type":"textarea","uniqueName":"Description","label":"Account Description","parentObject":"Account","pcType":"STRING","precision":32000,"scale":0,"columnIndex":33,"isKey":false,"isWaterMarkKey":false,"isExternalId":false,"isSfIdLookup":false,"isNullable":true,"isUnique":false,"isCreateable":true,"isUpdateable":true,"isFilterable":false,"isCalculated":false,"filterType":"STRING","showLabel":false,"naturalOrder":33,"typeConfigFields":[],"linkedFields":[],"relatedInfos":[],"references":[]}},{"@type":"fieldMap","id":"12282829","targetField":{"@type":"field","id":60674058,"name":"Rating","type":"picklist","uniqueName":"Rating","label":"Account Rating","parentObject":"Account","pcType":"STRING","precision":255,"scale":0,"columnIndex":34,"isKey":false,"isWaterMarkKey":false,"isExternalId":false,"isSfIdLookup":false,"isNullable":true,"isUnique":false,"isCreateable":true,"isUpdateable":true,"isFilterable":true,"isCalculated":false,"filterType":"STRING","showLabel":false,"naturalOrder":34,"typeConfigFields":[],"linkedFields":[],"relatedInfos":[],"references":[]}},{"@type":"fieldMap","id":"12282830","targetField":{"@type":"field","id":60674059,"name":"Site","type":"string","uniqueName":"Site","label":"Account Site","parentObject":"Account","pcType":"STRING","precision":80,"scale":0,"columnIndex":35,"isKey":false,"isWaterMarkKey":false,"isExternalId":false,"isSfIdLookup":false,"isNullable":true,"isUnique":false,"isCreateable":true,"isUpdateable":true,"isFilterable":true,"isCalculated":false,"filterType":"STRING","showLabel":false,"naturalOrder":35,"typeConfigFields":[],"linkedFields":[],"relatedInfos":[],"references":[]}},{"@type":"fieldMap","id":"12282831","targetField":{"@type":"field","id":60674060,"name":"OwnerId","type":"reference","uniqueName":"OwnerId","label":"Owner ID","parentObject":"Account","pcType":"STRING","precision":18,"scale":0,"columnIndex":36,"isKey":false,"isWaterMarkKey":false,"isExternalId":false,"isSfIdLookup":false,"isNullable":false,"isUnique":false,"isCreateable":true,"isUpdateable":true,"isFilterable":true,"isCalculated":false,"filterType":"STRING","showLabel":false,"naturalOrder":36,"typeConfigFields":[],"linkedFields":[],"relatedInfos":[{"@type":"fieldRelatedInfo","id":711373,"referenceObject":"User","relationshipName":"Owner","referenceField":{"@type":"field","id":-1,"precision":0,"scale":0,"columnIndex":-1,"isKey":false,"isWaterMarkKey":false,"isExternalId":false,"isSfIdLookup":false,"isNullable":true,"isUnique":false,"isCreateable":false,"isUpdateable":true,"isFilterable":true,"isCalculated":false,"showLabel":true,"naturalOrder":0,"typeConfigFields":[],"linkedFields":[],"relatedInfos":[],"references":[]}}],"references":[]}},{"@type":"fieldMap","id":"12282832","targetField":{"@type":"field","id":60674061,"name":"CreatedDate","type":"datetime","uniqueName":"CreatedDate","label":"Created Date","parentObject":"Account","pcType":"DATE","precision":24,"scale":0,"columnIndex":37,"isKey":false,"isWaterMarkKey":false,"isExternalId":false,"isSfIdLookup":false,"isNullable":false,"isUnique":false,"isCreateable":false,"isUpdateable":false,"isFilterable":true,"isCalculated":false,"filterType":"DATETIME","showLabel":false,"naturalOrder":37,"typeConfigFields":[],"linkedFields":[],"relatedInfos":[],"references":[]}},{"@type":"fieldMap","id":"12282833","targetField":{"@type":"field","id":60674062,"name":"CreatedById","type":"reference","uniqueName":"CreatedById","label":"Created By ID","parentObject":"Account","pcType":"STRING","precision":18,"scale":0,"columnIndex":38,"isKey":false,"isWaterMarkKey":false,"isExternalId":false,"isSfIdLookup":false,"isNullable":false,"isUnique":false,"isCreateable":false,"isUpdateable":false,"isFilterable":true,"isCalculated":false,"filterType":"STRING","showLabel":false,"naturalOrder":38,"typeConfigFields":[],"linkedFields":[],"relatedInfos":[{"@type":"fieldRelatedInfo","id":711374,"referenceObject":"User","relationshipName":"CreatedBy","referenceField":{"@type":"field","id":-1,"precision":0,"scale":0,"columnIndex":-1,"isKey":false,"isWaterMarkKey":false,"isExternalId":false,"isSfIdLookup":false,"isNullable":true,"isUnique":false,"isCreateable":false,"isUpdateable":true,"isFilterable":true,"isCalculated":false,"showLabel":true,"naturalOrder":0,"typeConfigFields":[],"linkedFields":[],"relatedInfos":[],"references":[]}}],"references":[]}},{"@type":"fieldMap","id":"12282834","targetField":{"@type":"field","id":60674063,"name":"LastModifiedDate","type":"datetime","uniqueName":"LastModifiedDate","label":"Last Modified Date","parentObject":"Account","pcType":"DATE","precision":24,"scale":0,"columnIndex":39,"isKey":false,"isWaterMarkKey":false,"isExternalId":false,"isSfIdLookup":false,"isNullable":false,"isUnique":false,"isCreateable":false,"isUpdateable":false,"isFilterable":true,"isCalculated":false,"filterType":"DATETIME","showLabel":false,"naturalOrder":39,"typeConfigFields":[],"linkedFields":[],"relatedInfos":[],"references":[]}},{"@type":"fieldMap","id":"12282835","targetField":{"@type":"field","id":60674064,"name":"LastModifiedById","type":"reference","uniqueName":"LastModifiedById","label":"Last Modified By ID","parentObject":"Account","pcType":"STRING","precision":18,"scale":0,"columnIndex":40,"isKey":false,"isWaterMarkKey":false,"isExternalId":false,"isSfIdLookup":false,"isNullable":false,"isUnique":false,"isCreateable":false,"isUpdateable":false,"isFilterable":true,"isCalculated":false,"filterType":"STRING","showLabel":false,"naturalOrder":40,"typeConfigFields":[],"linkedFields":[],"relatedInfos":[{"@type":"fieldRelatedInfo","id":711375,"referenceObject":"User","relationshipName":"LastModifiedBy","referenceField":{"@type":"field","id":-1,"precision":0,"scale":0,"columnIndex":-1,"isKey":false,"isWaterMarkKey":false,"isExternalId":false,"isSfIdLookup":false,"isNullable":true,"isUnique":false,"isCreateable":false,"isUpdateable":true,"isFilterable":true,"isCalculated":false,"showLabel":true,"naturalOrder":0,"typeConfigFields":[],"linkedFields":[],"relatedInfos":[],"references":[]}}],"references":[]}},{"@type":"fieldMap","id":"12282836","targetField":{"@type":"field","id":60674065,"name":"SystemModstamp","type":"datetime","uniqueName":"SystemModstamp","label":"System Modstamp","parentObject":"Account","pcType":"DATE","precision":24,"scale":0,"columnIndex":41,"isKey":false,"isWaterMarkKey":false,"isExternalId":false,"isSfIdLookup":false,"isNullable":false,"isUnique":false,"isCreateable":false,"isUpdateable":false,"isFilterable":true,"isCalculated":false,"filterType":"DATETIME","showLabel":false,"naturalOrder":41,"typeConfigFields":[],"linkedFields":[],"relatedInfos":[],"references":[]}},{"@type":"fieldMap","id":"12282837","targetField":{"@type":"field","id":60674066,"name":"LastActivityDate","type":"date","uniqueName":"LastActivityDate","label":"Last Activity","parentObject":"Account","pcType":"DATE","precision":10,"scale":0,"columnIndex":42,"isKey":false,"isWaterMarkKey":false,"isExternalId":false,"isSfIdLookup":false,"isNullable":true,"isUnique":false,"isCreateable":false,"isUpdateable":false,"isFilterable":true,"isCalculated":false,"filterType":"DATE","showLabel":false,"naturalOrder":42,"typeConfigFields":[],"linkedFields":[],"relatedInfos":[],"references":[]}},{"@type":"fieldMap","id":"12282838","targetField":{"@type":"field","id":60674067,"name":"LastViewedDate","type":"datetime","uniqueName":"LastViewedDate","label":"Last Viewed Date","parentObject":"Account","pcType":"DATE","precision":24,"scale":0,"columnIndex":43,"isKey":false,"isWaterMarkKey":false,"isExternalId":false,"isSfIdLookup":false,"isNullable":true,"isUnique":false,"isCreateable":false,"isUpdateable":false,"isFilterable":true,"isCalculated":false,"filterType":"DATETIME","showLabel":false,"naturalOrder":43,"typeConfigFields":[],"linkedFields":[],"relatedInfos":[],"references":[]}},{"@type":"fieldMap","id":"12282839","targetField":{"@type":"field","id":60674068,"name":"LastReferencedDate","type":"datetime","uniqueName":"LastReferencedDate","label":"Last Referenced Date","parentObject":"Account","pcType":"DATE","precision":24,"scale":0,"columnIndex":44,"isKey":false,"isWaterMarkKey":false,"isExternalId":false,"isSfIdLookup":false,"isNullable":true,"isUnique":false,"isCreateable":false,"isUpdateable":false,"isFilterable":true,"isCalculated":false,"filterType":"DATETIME","showLabel":false,"naturalOrder":44,"typeConfigFields":[],"linkedFields":[],"relatedInfos":[],"references":[]}},{"@type":"fieldMap","id":"12282840","targetField":{"@type":"field","id":60674069,"name":"Jigsaw","type":"string","uniqueName":"Jigsaw","label":"Data.com Key","parentObject":"Account","pcType":"STRING","precision":20,"scale":0,"columnIndex":45,"isKey":false,"isWaterMarkKey":false,"isExternalId":false,"isSfIdLookup":false,"isNullable":true,"isUnique":false,"isCreateable":true,"isUpdateable":true,"isFilterable":true,"isCalculated":false,"filterType":"STRING","showLabel":false,"naturalOrder":45,"typeConfigFields":[],"linkedFields":[],"relatedInfos":[],"references":[]}},{"@type":"fieldMap","id":"12282841","targetField":{"@type":"field","id":60674070,"name":"JigsawCompanyId","type":"string","uniqueName":"JigsawCompanyId","label":"Jigsaw Company ID","parentObject":"Account","pcType":"STRING","precision":20,"scale":0,"columnIndex":46,"isKey":false,"isWaterMarkKey":false,"isExternalId":false,"isSfIdLookup":false,"isNullable":true,"isUnique":false,"isCreateable":false,"isUpdateable":false,"isFilterable":true,"isCalculated":false,"filterType":"STRING","showLabel":false,"naturalOrder":46,"typeConfigFields":[],"linkedFields":[],"relatedInfos":[],"references":[]}},{"@type":"fieldMap","id":"12282842","targetField":{"@type":"field","id":60674071,"name":"CleanStatus","type":"picklist","uniqueName":"CleanStatus","label":"Clean Status","parentObject":"Account","pcType":"STRING","precision":40,"scale":0,"columnIndex":47,"isKey":false,"isWaterMarkKey":false,"isExternalId":false,"isSfIdLookup":false,"isNullable":true,"isUnique":false,"isCreateable":true,"isUpdateable":true,"isFilterable":true,"isCalculated":false,"filterType":"STRING","showLabel":false,"naturalOrder":47,"typeConfigFields":[],"linkedFields":[],"relatedInfos":[],"references":[]}},{"@type":"fieldMap","id":"12282843","targetField":{"@type":"field","id":60674072,"name":"AccountSource","type":"picklist","uniqueName":"AccountSource","label":"Account Source","parentObject":"Account","pcType":"STRING","precision":255,"scale":0,"columnIndex":48,"isKey":false,"isWaterMarkKey":false,"isExternalId":false,"isSfIdLookup":false,"isNullable":true,"isUnique":false,"isCreateable":true,"isUpdateable":true,"isFilterable":true,"isCalculated":false,"filterType":"STRING","showLabel":false,"naturalOrder":48,"typeConfigFields":[],"linkedFields":[],"relatedInfos":[],"references":[]}},{"@type":"fieldMap","id":"12282844","targetField":{"@type":"field","id":60674073,"name":"DunsNumber","type":"string","uniqueName":"DunsNumber","label":"D-U-N-S Number","parentObject":"Account","pcType":"STRING","precision":9,"scale":0,"columnIndex":49,"isKey":false,"isWaterMarkKey":false,"isExternalId":false,"isSfIdLookup":false,"isNullable":true,"isUnique":false,"isCreateable":true,"isUpdateable":true,"isFilterable":true,"isCalculated":false,"filterType":"STRING","showLabel":false,"naturalOrder":49,"typeConfigFields":[],"linkedFields":[],"relatedInfos":[],"references":[]}},{"@type":"fieldMap","id":"12282845","targetField":{"@type":"field","id":60674074,"name":"Tradestyle","type":"string","uniqueName":"Tradestyle","label":"Tradestyle","parentObject":"Account","pcType":"STRING","precision":255,"scale":0,"columnIndex":50,"isKey":false,"isWaterMarkKey":false,"isExternalId":false,"isSfIdLookup":false,"isNullable":true,"isUnique":false,"isCreateable":true,"isUpdateable":true,"isFilterable":true,"isCalculated":false,"filterType":"STRING","showLabel":false,"naturalOrder":50,"typeConfigFields":[],"linkedFields":[],"relatedInfos":[],"references":[]}},{"@type":"fieldMap","id":"12282846","targetField":{"@type":"field","id":60674075,"name":"NaicsCode","type":"string","uniqueName":"NaicsCode","label":"NAICS Code","parentObject":"Account","pcType":"STRING","precision":8,"scale":0,"columnIndex":51,"isKey":false,"isWaterMarkKey":false,"isExternalId":false,"isSfIdLookup":false,"isNullable":true,"isUnique":false,"isCreateable":true,"isUpdateable":true,"isFilterable":true,"isCalculated":false,"filterType":"STRING","showLabel":false,"naturalOrder":51,"typeConfigFields":[],"linkedFields":[],"relatedInfos":[],"references":[]}},{"@type":"fieldMap","id":"12282847","targetField":{"@type":"field","id":60674076,"name":"NaicsDesc","type":"string","uniqueName":"NaicsDesc","label":"NAICS Description","parentObject":"Account","pcType":"STRING","precision":120,"scale":0,"columnIndex":52,"isKey":false,"isWaterMarkKey":false,"isExternalId":false,"isSfIdLookup":false,"isNullable":true,"isUnique":false,"isCreateable":true,"isUpdateable":true,"isFilterable":true,"isCalculated":false,"filterType":"STRING","showLabel":false,"naturalOrder":52,"typeConfigFields":[],"linkedFields":[],"relatedInfos":[],"references":[]}},{"@type":"fieldMap","id":"12282848","targetField":{"@type":"field","id":60674077,"name":"YearStarted","type":"string","uniqueName":"YearStarted","label":"Year Started","parentObject":"Account","pcType":"STRING","precision":4,"scale":0,"columnIndex":53,"isKey":false,"isWaterMarkKey":false,"isExternalId":false,"isSfIdLookup":false,"isNullable":true,"isUnique":false,"isCreateable":true,"isUpdateable":true,"isFilterable":true,"isCalculated":false,"filterType":"STRING","showLabel":false,"naturalOrder":53,"typeConfigFields":[],"linkedFields":[],"relatedInfos":[],"references":[]}},{"@type":"fieldMap","id":"12282849","targetField":{"@type":"field","id":60674078,"name":"SicDesc","type":"string","uniqueName":"SicDesc","label":"SIC Description","parentObject":"Account","pcType":"STRING","precision":80,"scale":0,"columnIndex":54,"isKey":false,"isWaterMarkKey":false,"isExternalId":false,"isSfIdLookup":false,"isNullable":true,"isUnique":false,"isCreateable":true,"isUpdateable":true,"isFilterable":true,"isCalculated":false,"filterType":"STRING","showLabel":false,"naturalOrder":54,"typeConfigFields":[],"linkedFields":[],"relatedInfos":[],"references":[]}},{"@type":"fieldMap","id":"12282850","targetField":{"@type":"field","id":60674079,"name":"DandbCompanyId","type":"reference","uniqueName":"DandbCompanyId","label":"D&B Company ID","parentObject":"Account","pcType":"STRING","precision":18,"scale":0,"columnIndex":55,"isKey":false,"isWaterMarkKey":false,"isExternalId":false,"isSfIdLookup":false,"isNullable":true,"isUnique":false,"isCreateable":true,"isUpdateable":true,"isFilterable":true,"isCalculated":false,"filterType":"STRING","showLabel":false,"naturalOrder":55,"typeConfigFields":[],"linkedFields":[],"relatedInfos":[{"@type":"fieldRelatedInfo","id":711376,"referenceObject":"DandBCompany","relationshipName":"DandbCompany","referenceField":{"@type":"field","id":-1,"precision":0,"scale":0,"columnIndex":-1,"isKey":false,"isWaterMarkKey":false,"isExternalId":false,"isSfIdLookup":false,"isNullable":true,"isUnique":false,"isCreateable":false,"isUpdateable":true,"isFilterable":true,"isCalculated":false,"showLabel":true,"naturalOrder":0,"typeConfigFields":[],"linkedFields":[],"relatedInfos":[],"references":[]}}],"references":[]}},{"@type":"fieldMap","id":"12282851","targetField":{"@type":"field","id":60674080,"name":"OperatingHoursId","type":"reference","uniqueName":"OperatingHoursId","label":"Operating Hour ID","parentObject":"Account","pcType":"STRING","precision":18,"scale":0,"columnIndex":56,"isKey":false,"isWaterMarkKey":false,"isExternalId":false,"isSfIdLookup":false,"isNullable":true,"isUnique":false,"isCreateable":true,"isUpdateable":true,"isFilterable":true,"isCalculated":false,"filterType":"STRING","showLabel":false,"naturalOrder":56,"typeConfigFields":[],"linkedFields":[],"relatedInfos":[{"@type":"fieldRelatedInfo","id":711377,"referenceObject":"OperatingHours","relationshipName":"OperatingHours","referenceField":{"@type":"field","id":-1,"precision":0,"scale":0,"columnIndex":-1,"isKey":false,"isWaterMarkKey":false,"isExternalId":false,"isSfIdLookup":false,"isNullable":true,"isUnique":false,"isCreateable":false,"isUpdateable":true,"isFilterable":true,"isCalculated":false,"showLabel":true,"naturalOrder":0,"typeConfigFields":[],"linkedFields":[],"relatedInfos":[],"references":[]}}],"references":[]}},{"@type":"fieldMap","id":"12282852","targetField":{"@type":"field","id":60674081,"name":"CustomerPriority__c","type":"picklist","uniqueName":"CustomerPriority__c","label":"Customer Priority","parentObject":"Account","pcType":"STRING","precision":255,"scale":0,"columnIndex":57,"isKey":false,"isWaterMarkKey":false,"isExternalId":false,"isSfIdLookup":false,"isNullable":true,"isUnique":false,"isCreateable":true,"isUpdateable":true,"isFilterable":true,"isCalculated":false,"filterType":"STRING","showLabel":false,"naturalOrder":57,"typeConfigFields":[],"linkedFields":[],"relatedInfos":[],"references":[]}},{"@type":"fieldMap","id":"12282853","targetField":{"@type":"field","id":60674082,"name":"SLA__c","type":"picklist","uniqueName":"SLA__c","label":"SLA","parentObject":"Account","pcType":"STRING","precision":255,"scale":0,"columnIndex":58,"isKey":false,"isWaterMarkKey":false,"isExternalId":false,"isSfIdLookup":false,"isNullable":true,"isUnique":false,"isCreateable":true,"isUpdateable":true,"isFilterable":true,"isCalculated":false,"filterType":"STRING","showLabel":false,"naturalOrder":58,"typeConfigFields":[],"linkedFields":[],"relatedInfos":[],"references":[]}},{"@type":"fieldMap","id":"12282854","targetField":{"@type":"field","id":60674083,"name":"Active__c","type":"picklist","uniqueName":"Active__c","label":"Active","parentObject":"Account","pcType":"STRING","precision":255,"scale":0,"columnIndex":59,"isKey":false,"isWaterMarkKey":false,"isExternalId":false,"isSfIdLookup":false,"isNullable":true,"isUnique":false,"isCreateable":true,"isUpdateable":true,"isFilterable":true,"isCalculated":false,"filterType":"STRING","showLabel":false,"naturalOrder":59,"typeConfigFields":[],"linkedFields":[],"relatedInfos":[],"references":[]}},{"@type":"fieldMap","id":"12282855","targetField":{"@type":"field","id":60674084,"name":"NumberofLocations__c","type":"double","uniqueName":"NumberofLocations__c","label":"Number of Locations","parentObject":"Account","pcType":"HIPRECDECIMAL","precision":3,"scale":0,"columnIndex":60,"isKey":false,"isWaterMarkKey":false,"isExternalId":false,"isSfIdLookup":false,"isNullable":true,"isUnique":false,"isCreateable":true,"isUpdateable":true,"isFilterable":true,"isCalculated":false,"filterType":"DOUBLE","showLabel":false,"naturalOrder":60,"typeConfigFields":[],"linkedFields":[],"relatedInfos":[],"references":[]}},{"@type":"fieldMap","id":"12282856","targetField":{"@type":"field","id":60674085,"name":"UpsellOpportunity__c","type":"picklist","uniqueName":"UpsellOpportunity__c","label":"Upsell Opportunity","parentObject":"Account","pcType":"STRING","precision":255,"scale":0,"columnIndex":61,"isKey":false,"isWaterMarkKey":false,"isExternalId":false,"isSfIdLookup":false,"isNullable":true,"isUnique":false,"isCreateable":true,"isUpdateable":true,"isFilterable":true,"isCalculated":false,"filterType":"STRING","showLabel":false,"naturalOrder":61,"typeConfigFields":[],"linkedFields":[],"relatedInfos":[],"references":[]}},{"@type":"fieldMap","id":"12282857","targetField":{"@type":"field","id":60674086,"name":"SLASerialNumber__c","type":"string","uniqueName":"SLASerialNumber__c","label":"SLA Serial Number","parentObject":"Account","pcType":"STRING","precision":10,"scale":0,"columnIndex":62,"isKey":false,"isWaterMarkKey":false,"isExternalId":false,"isSfIdLookup":false,"isNullable":true,"isUnique":false,"isCreateable":true,"isUpdateable":true,"isFilterable":true,"isCalculated":false,"filterType":"STRING","showLabel":false,"naturalOrder":62,"typeConfigFields":[],"linkedFields":[],"relatedInfos":[],"references":[]}},{"@type":"fieldMap","id":"12282858","targetField":{"@type":"field","id":60674087,"name":"SLAExpirationDate__c","type":"date","uniqueName":"SLAExpirationDate__c","label":"SLA Expiration Date","parentObject":"Account","pcType":"DATE","precision":10,"scale":0,"columnIndex":63,"isKey":false,"isWaterMarkKey":false,"isExternalId":false,"isSfIdLookup":false,"isNullable":true,"isUnique":false,"isCreateable":true,"isUpdateable":true,"isFilterable":true,"isCalculated":false,"filterType":"DATE","showLabel":false,"naturalOrder":63,"typeConfigFields":[],"linkedFields":[],"relatedInfos":[],"references":[]}}],"sourceFields":[{"@type":"field","id":60674106,"name":"CUST_ID","type":"smallint","uniqueName":"CUST_ID","label":"CUST_ID","parentObject":"sq_Instructor Query","pcType":"INT","precision":5,"scale":0,"columnIndex":0,"isKey":false,"isWaterMarkKey":false,"isExternalId":false,"isSfIdLookup":false,"isNullable":false,"isUnique":false,"isCreateable":false,"isUpdateable":true,"isFilterable":true,"isCalculated":false,"filterType":"INT","showLabel":false,"naturalOrder":0,"typeConfigFields":[],"linkedFields":[],"relatedInfos":[],"references":[]},{"@type":"field","id":60674107,"name":"NAME","type":"nvarchar","uniqueName":"NAME","label":"NAME","parentObject":"sq_Instructor Query","pcType":"UNISTRING","precision":50,"scale":0,"columnIndex":1,"isKey":false,"isWaterMarkKey":false,"isExternalId":false,"isSfIdLookup":false,"isNullable":false,"isUnique":false,"isCreateable":false,"isUpdateable":true,"isFilterable":true,"isCalculated":false,"filterType":"STRING","showLabel":false,"naturalOrder":0,"typeConfigFields":[],"linkedFields":["Name"],"relatedInfos":[],"references":[]}],"sortFields":[],"groupFields":[]}]