[{"@type":"mappingTemplate","id":"@1","name":"LoadRetailSalesTransactions","description":"","bundleVersion":"0","templateId":"@3","deployTime":1710793971000,"hasParameters":false,"valid":true,"fixedConnection":true,"hasParametersDeployed":false,"fixedConnectionDeployed":true,"isSchemaValidationEnabled":false,"tasks":1,"mappingPreviewFileRecordId":"@2","references":[{"@type":"reference","refObjectId":"@cAXIa4tRD0JjWtzIaUAfgr","refType":"connection"},{"@type":"reference","refObjectId":"@1PE6couFGAhhc7ihbBVEkH","refType":"connection"}]}]